Workbook

Sheet AR_Input
B1: RIGHT EYE | E1: LEFT EYE
B2: S | C2: C | D2: A | E2: S | F2: C | G2: A
A3: visit_id | B3: S_r_AR | C3: C_r_AR | D3: A_r_AR | E3: S_l_AR | F3: C_l_AR | G3: A_l_AR
A4: 1 | B4: -2.5 | C4: -1.75 | D4: 90 | E4: -2.5 | F4: -3.75 | G4: 70
A5: 2 | B5: -0.5 | C5: -0.75 | D5: 50 | E5: -0.25 | F5: -1 | G5: 60
A6: 3 | B6: -2.5 | C6: -1 | D6: 80 | E6: -4 | F6: -0.5 | G6: 40
A7: 4 | B7: -4 | C7: -2.5 | D7: 20 | E7: -3.75 | F7: -2.5 | G7: 160
A8: 5 | B8: -2.75 | C8: -0.75 | E8: -3 | F8: -0.5
A9: 6 | B9: -1.5 | C9: -0.5 | E9: -1 | F9: 0 | G9: 0

Sheet Lenso_Input
B1: RIGHT EYE | F1: LEFT EYE
B2: S | C2: C | D2: A | E2: Add | F2: S | G2: C | H2: A | I2: Add
A3: visit_id | B3: S_r_Lenso | C3: C_r_Lenso | D3: A_r_Lenso | E3: Add_r_Lenso | F3: S_l_Lenso | G3: C_l_Lenso | H3: A_l_Lenso | I3: Add_l_Lenso
A4: 1 | B4: -3 | C4: -2 | D4: 70 | E4: 2.5 | F4: -2.5 | G4: -1.5 | H4: 90 | I4: -2
A5: 2
A6: 3 | B6: -2 | C6: -0.75 | D6: 70 | F6: -3.25 | G6: 0 | H6: 0
A7: 4 | B7: -3.5 | C7: -2 | D7: 10 | F7: -3.25 | G7: -2 | H7: 170
A8: 5 | B8: -2.5 | C8: -0.5 | F8: -2.75 | G8: -0.25

Sheet Patient_Input_Master
A1: Section | B1: Field Name | C1: Value (enter here) | D1: Data Type | E1: Allowed Values / Format | F1: Required | G1: Notes
A2: A) IDENTIFIERS & SESSION CONTEXT | B2: patient_id | D2: String | E2: Unique ID | F2: Yes | G2: Persistent across visits
A3: A) IDENTIFIERS & SESSION CONTEXT | B3: visit_id | D3: String | E3: Unique ID | F3: Yes | G3: Unique per test session
A4: A) IDENTIFIERS & SESSION CONTEXT | B4: test_date_time | D4: Datetime | E4: ISO 8601 | F4: Yes | G4: Timestamp of exam
A5: B) DEMOGRAPHICS & USAGE PROFILE | B5: age_years | D5: Integer | E5: ≥ 3 | F5: Yes | G5: Drives presbyopia logic
A6: B) DEMOGRAPHICS & USAGE PROFILE | B6: gender | D6: Enum | E6: See dropdown | F6: Yes
A7: B) DEMOGRAPHICS & USAGE PROFILE | B7: lifestyle | D7: Enum | E7: See dropdown | F7: Yes | G7: Influences endpoint bias
A8: B) DEMOGRAPHICS & USAGE PROFILE | B8: occupation_type | D8: Enum | F8: Yes | G8: Determines visual priority
A9: B) DEMOGRAPHICS & USAGE PROFILE | B9: screen_time_hours | D9: Float | E9: 0–24 | F9: Yes | G9: Daily average
A10: B) DEMOGRAPHICS & USAGE PROFILE | B10: driving_time_hours | D10: Float | E10: 0–24 | F10: Yes | G10: Daily average
A11: C) REASON FOR VISIT & SYMPTOMS | B11: primary_reason | D11: Enum | E11: See dropdown | F11: Yes | G11: Single select
A12: C) REASON FOR VISIT & SYMPTOMS | B12: symptoms_multi | D12: Multi-Enum | E12: Comma-separated OR pick one | F12: No | G12: Excel dropdown enforces single choice; for multi-select enter comma-separated values
A13: D) CURRENT EYEWEAR & ADAPTATION | B13: currently_wearing_glasses | D13: Boolean | E13: True / False | F13: Yes
A14: D) CURRENT EYEWEAR & ADAPTATION | B14: wear_type | D14: Enum | E14: See dropdown | F14: Yes
A15: D) CURRENT EYEWEAR & ADAPTATION | B15: wear_duration_months | D15: Integer | E15: ≥ 0 | F15: No | G15: Duration of current RX
A16: D) CURRENT EYEWEAR & ADAPTATION | B16: satisfaction_with_current_rx | D16: Enum | E16: See dropdown | F16: Yes | G16: Drives start policy
A17: D) CURRENT EYEWEAR & ADAPTATION | B17: main_complaint_current_rx | D17: Multi-Enum | E17: Comma-separated OR pick one | F17: No | G17: Excel dropdown enforces single choice; for multi-select enter comma-separated values
A18: E) RECENCY & STABILITY INDICATORS | B18: last_eye_test_months_ago | D18: Integer | E18: ≥ 0 | F18: No
A19: E) RECENCY & STABILITY INDICATORS | B19: rx_change_last_time_known | D19: Boolean | E19: True / False | F19: No
A20: E) RECENCY & STABILITY INDICATORS | B20: rx_change_was_large | D20: Boolean | E20: True / False | F20: No | G20: Define threshold internally
A21: E) RECENCY & STABILITY INDICATORS | B21: fluctuating_vision_reported | D21: Boolean | E21: True / False | F21: No | G21: Anomaly trigger
A22: F) MEDICAL & OCULAR HISTORY | B22: diabetes | D22: Boolean | E22: True / False | F22: Yes | G22: Stability impact
A23: F) MEDICAL & OCULAR HISTORY | B23: hypertension | D23: Boolean | E23: True / False | F23: No
A24: F) MEDICAL & OCULAR HISTORY | B24: thyroid_disorder | D24: Boolean | E24: True / False | F24: No
A25: F) MEDICAL & OCULAR HISTORY | B25: prior_eye_surgery | D25: Enum | E25: See dropdown | F25: Yes
A26: F) MEDICAL & OCULAR HISTORY | B26: known_keratoconus | D26: Boolean | E26: True / False | F26: Yes
A27: F) MEDICAL & OCULAR HISTORY | B27: known_amblyopia | D27: Boolean | E27: True / False | F27: Yes
A28: F) MEDICAL & OCULAR HISTORY | B28: current_eye_infection_or_inflammation | D28: Boolean | E28: True / False | F28: Yes | G28: Safety flag
A29: G) PATIENT PREFERENCE & OUTCOME TARGET | B29: priority | D29: Enum | E29: See dropdown | F29: Yes | G29: Endpoint bias
A30: G) PATIENT PREFERENCE & OUTCOME TARGET | B30: distance_target | D30: Enum | E30: See dropdown | F30: Yes | G30: Target acuity
A31: G) PATIENT PREFERENCE & OUTCOME TARGET | B31: near_priority | D31: Enum | E31: See dropdown | F31: Yes | G31: Near workflow

Sheet Patient_Input_Data
A1: IDENTIFIERS & SESSION CONTEXT | D1: DEMOGRAPHICS & USAGE PROFILE | J1: REASON FOR VISIT & SYMPTOMS | L1: CURRENT EYEWEAR & ADAPTATION | Q1: RECENCY & STABILITY INDICATORS | U1: MEDICAL & OCULAR HISTORY | AB1: PATIENT PREFERENCE & OUTCOME TARGET
A2: patient_id | B2: visit_id | C2: test_date_time | D2: age_years | E2: gender | F2: lifestyle | G2: occupation_type | H2: screen_time_hours | I2: driving_time_hours | J2: primary_reason | K2: symptoms_multi | L2: currently_wearing_glasses | M2: wear_type | N2: wear_duration_months | O2: satisfaction_with_current_rx | P2: main_complaint_current_rx | Q2: last_eye_test_months_ago | R2: rx_change_last_time_known | S2: rx_change_was_large | T2: fluctuating_vision_reported | U2: diabetes | V2: hypertension | W2: thyroid_disorder | X2: prior_eye_surgery | Y2: known_keratoconus | Z2: known_amblyopia | AA2: current_eye_infection_or_inflammation | AB2: priority | AC2: distance_target | AD2: near_priority
A3: 1 | B3: 1 | D3: 33 | E3: Male | F3: Outdoor | G3: Desk-job | H3: 8 | I3: 4 | J3: Blurred distance | K3: Night driving difficulty, Double vision, Watering | L3: FALSE | M3: None | N3: 0 | O3: Not applicable | Q3: 12 | R3: FALSE | S3: FALSE | T3: FALSE | U3: FALSE | V3: FALSE | W3: FALSE | X3: None | Y3: FALSE | Z3: FALSE | AA3: FALSE | AB3: Sharpest vision | AC3: Aim 6/6 if possible | AD3: High
A4: 2 | B4: 2 | C4: 222 | D4: 65 | E4: Female | F4: Indoor | G4: Desk-job | H4: 8 | I4: 2 | J4: Routine check | L4: FALSE | M4: None | O4: Not applicable | R4: FALSE | S4: FALSE | T4: FALSE | U4: FALSE | V4: FALSE | W4: FALSE | X4: None | Y4: FALSE | Z4: FALSE | AA4: FALSE | AB4: Sharpest vision | AC4: Aim 6/6 if possible | AD4: High
A5: 3 | B5: 3 | C5: 3232 | D5: 35 | E5: Male | F5: Hybrid | G5: Desk-job | H5: 12 | I5: 2 | J5: Headache | L5: TRUE | M5: Single Vision | N5: 12 | O5: Satisfied | Q5: 12 | R5: TRUE | S5: FALSE | T5: FALSE | U5: FALSE | V5: FALSE | W5: FALSE | X5: None | Y5: FALSE | Z5: FALSE | AA5: FALSE | AB5: Comfort-first | AC5: Aim 6/6 if possible | AD5: Low
A6: 4 | B6: 4 | C6: 09.03.2026 | D6: 22 | E6: Male | F6: Hybrid | G6: Student | H6: 10 | I6: 0 | J6: Blurred distance | L6: TRUE | M6: Single Vision | N6: 4 | O6: Satisfied | Q6: 4 | R6: TRUE | S6: FALSE | T6: FALSE | U6: FALSE | V6: FALSE | W6: FALSE | X6: None | Y6: FALSE | Z6: FALSE | AA6: FALSE | AB6: Balanced | AC6: Aim 6/6 if possible | AD6: High
A7: 5 | B7: 5 | C7: 09.03.2026 | D7: 23 | E7: Female | F7: Indoor | G7: Desk-job | H7: 12 | I7: 0 | J7: Headache | K7: Watering | L7: TRUE | M7: Single Vision | N7: 18 | O7: Not satisfied | P7: Headache | Q7: 6 | R7: TRUE | S7: FALSE | T7: TRUE | U7: FALSE | V7: TRUE | W7: FALSE | X7: None | Y7: FALSE | Z7: FALSE | AA7: FALSE | AB7: Comfort-first | AC7: Aim 6/6 if possible | AD7: Low
A8: 6 | B8: 6 | C8: 09.03.2026 | D8: 45 | E8: Male | F8: Indoor | G8: Desk-job | H8: 8 | I8: 0 | J8: Routine check | L8: TRUE | M8: Progressive | N8: 12 | O8: Satisfied | Q8: 12 | R8: FALSE | T8: FALSE | U8: FALSE | V8: FALSE | W8: FALSE | X8: None | Y8: FALSE | Z8: FALSE | AA8: FALSE | AB8: Comfort-first | AC8: Aim 6/6 if possible | AD8: High

Sheet Derived_Variables
A1: visit_id | B1: dv_age_bucket | C1: dv_distance_priority | D1: dv_near_priority | E1: dv_symptom_risk_level | F1: dv_medical_risk_level | G1: dv_stability_level | H1: dv_ar_lenso_mismatch_level_RE | I1: dv_ar_lenso_mismatch_level_LE | J1: dv_start_source_policy | K1: dv_start_rx_RE_sph | L1: dv_start_rx_RE_cyl | M1: dv_start_rx_RE_axis | N1: dv_start_rx_LE_sph | O1: dv_start_rx_LE_cyl | P1: dv_start_rx_LE_axis | Q1: dv_add_expected | R1: dv_target_distance_va | S1: dv_endpoint_bias_policy | T1: dv_step_size_policy | U1: dv_max_delta_from_start_sph | V1: dv_max_delta_from_ar_sph | W1: dv_axis_tolerance_deg | X1: dv_cyl_tolerance_D | Y1: dv_requires_optom_review | Z1: dv_anomaly_watch | AA1: dv_expected_convergence_time | AB1: dv_branching_guardrails | AC1: dv_confidence_requirement | AD1: dv_fogging_policy | AE1: dv_fogging_amount_D | AF1: dv_fogging_clearance_mode | AG1: dv_fogging_required_confirmation | AH1: dv_axis_step_policy | AI1: dv_duochrome_max_flips | AJ1: dv_near_test_required
A2: 1 | B2: {=LET(age,XLOOKUP($A2,Patient_Input_Data!$B:$B,Patient_Input_Data!$D:$D,""),childMax,XLOOKUP("age_child_max",Calibration!$B:$B,Calibration!$C:$C),presMin,XLOOKUP("age_presbyope_min",Calibration!$B:$B,Calibration!$C:$C),IF(age<childMax,"Child",IF(age>=presMin,"Presbyope","Adult")))} -> Adult | C2: {=LET(drive,XLOOKUP($A2,Patient_Input_Data!$B:$B,Patient_Input_Data!$I:$I,""),occ,XLOOKUP($A2,Patient_Input_Data!$B:$B,Patient_Input_Data!$G:$G,""),pri,XLOOKUP($A2,Patient_Input_Data!$B:$B,Patient_Input_Data!$AB:$AB,""),driveHigh,XLOOKUP("driving_hours_high",Calibration!$B:$B,Calibration!$C:$C),base,IF(OR(drive>=driveHigh,occ="Driver"),"High","Medium"),IF(pri="Comfort-first",IF(base="High","Medium","Low"),base))} -> High | D2: {=LET(np,XLOOKUP($A2,Patient_Input_Data!$B:$B,Patient_Input_Data!$AD:$AD,""),st,XLOOKUP($A2,Patient_Input_Data!$B:$B,Patient_Input_Data!$H:$H,""),rs,XLOOKUP($A2,Patient_Input_Data!$B:$B,Patient_Input_Data!$J:$J,""),screenHigh,XLOOKUP("screen_time_high",Calibration!$B:$B,Calibration!$C:$C),IF(np<>"",np,IF(OR(st>=screenHigh,rs="Blurred near"),"High","Medium")))} -> High | E2: =IFERROR(__xludf.DUMMYFUNCTION("LET(s,XLOOKUP($A2,Patient_Input_Data!$B:$B,Patient_Input_Data!$K:$K,""""),IF(OR(REGEXMATCH(s,""Sudden vision change""),REGEXMATCH(s,""Double vision"")),""High"",IF(OR(REGEXMATCH(s,""Glare/halos""),REGEXMATCH(s,""Night driving difficulty""),REGEXMATCH(s,"""&"Fluctuating vision"")),""Moderate"",""None"")))"),"High") -> High | F2: {=LET(di,(XLOOKUP($A2,Patient_Input_Data!$B:$B,Patient_Input_Data!$U:$U,"")="True"),surg,XLOOKUP($A2,Patient_Input_Data!$B:$B,Patient_Input_Data!$X:$X,"")<>"None",ker,(XLOOKUP($A2,Patient_Input_Data!$B:$B,Patient_Input_Data!$Y:$Y,"")="True"),amb,(XLOOKUP($A2,Patient_Input_Data!$B:$B,Patient_Input_Data!$Z:$Z,"")="True"),inf,(XLOOKUP($A2,Patient_Input_Data!$B:$B,Patient_Input_Data!$AA:$AA,"")="True"),IF(OR(ker,inf),"High",IF(OR(di,surg,amb),"Moderate","None")))} -> None | G2: {=LET(last,XLOOKUP($A2,Patient_Input_Data!$B:$B,Patient_Input_Data!$Q:$Q,""),fl,(XLOOKUP($A2,Patient_Input_Data!$B:$B,Patient_Input_Data!$T:$T,"")="True"),chg,(XLOOKUP($A2,Patient_Input_Data!$B:$B,Patient_Input_Data!$S:$S,"")="True"),di,(XLOOKUP($A2,Patient_Input_Data!$B:$B,Patient_Input_Data!$U:$U,"")="True"),uncertainMonths,XLOOKUP("last_eye_test_uncertain_months",Calibration!$B:$B,Calibration!$C:$C),IF(OR(fl,chg),"Unstable",IF(OR(di,last>uncertainMonths),"Uncertain","Stable")))} -> Stable | H2: {=LET( arS,XLOOKUP($A2,AR_Input!$A:$A,AR_Input!$B:$B,""), arC,XLOOKUP($A2,AR_Input!$A:$A,AR_Input!$C:$C,""), arA,XLOOKUP($A2,AR_Input!$A:$A,AR_Input!$D:$D,""), lnS,XLOOKUP($A2,Lenso_Input!$A:$A,Lenso_Input!$B:$B,""), lnC,XLOOKUP($A2,Lenso_Input!$A:$A,Lenso_Input!$C:$C,""), lnA,XLOOKUP($A2,Lenso_Input!$A:$A,Lenso_Input!$D:$D,""), hasAR,AND(arS<>"",arC<>"",arA<>""), hasLenso,AND(lnS<>"",lnC<>"",lnA<>""), sMed,XLOOKUP("mismatch_re_sph_medium",Calibration!$B:$B,Calibration!$C:$C), sLarge,XLOOKUP("mismatch_re_sph_large",Calibration!$B:$B,Calibration!$C:$C), cMed,XLOOKUP("mismatch_re_cyl_medium",Calibration!$B:$B,Calibration!$C:$C), cLarge,XLOOKUP("mismatch_re_cyl_large",Calibration!$B:$B,Calibration!$C:$C), aMed,XLOOKUP("mismatch_re_axis_medium",Calibration!$B:$B,Calibration!$C:$C), aLarge,XLOOKUP("mismatch_re_axis_large",Calibration!$B:$B,Calibration!$C:$C), IF( NOT(AND(hasAR,hasLenso)), "Small", LET( dS,ABS(VALUE(arS)-VALUE(lnS)), dC,ABS(VALUE(arC)-VALUE(lnC)), dA,MIN(ABS(VALUE(arA)-VALUE(lnA)),180-ABS(VALUE(arA)-VALUE(lnA))), IF(OR(dS>sLarge,dC>cLarge,dA>aLarge),"Large",IF(OR(dS>sMed,dC>cMed,dA>aMed),"Medium","Small")) ) ))} -> Medium | I2: {=LET( arS,XLOOKUP($A2,AR_Input!$A:$A,AR_Input!$E:$E,""), arC,XLOOKUP($A2,AR_Input!$A:$A,AR_Input!$F:$F,""), arA,XLOOKUP($A2,AR_Input!$A:$A,AR_Input!$G:$G,""), lnS,XLOOKUP($A2,Lenso_Input!$A:$A,Lenso_Input!$F:$F,""), lnC,XLOOKUP($A2,Lenso_Input!$A:$A,Lenso_Input!$G:$G,""), lnA,XLOOKUP($A2,Lenso_Input!$A:$A,Lenso_Input!$H:$H,""), hasAR,AND(arS<>"",arC<>"",arA<>""), hasLenso,AND(lnS<>"",lnC<>"",lnA<>""), sMed,XLOOKUP("mismatch_le_sph_medium",Calibration!$B:$B,Calibration!$C:$C), sLarge,XLOOKUP("mismatch_le_sph_large",Calibration!$B:$B,Calibration!$C:$C), cMed,XLOOKUP("mismatch_le_cyl_medium",Calibration!$B:$B,Calibration!$C:$C), cLarge,XLOOKUP("mismatch_le_cyl_large",Calibration!$B:$B,Calibration!$C:$C), aMed,XLOOKUP("mismatch_le_axis_medium",Calibration!$B:$B,Calibration!$C:$C), aLarge,XLOOKUP("mismatch_le_axis_large",Calibration!$B:$B,Calibration!$C:$C), IF( NOT(AND(hasAR,hasLenso)), "Small", LET( dS,ABS(VALUE(arS)-VALUE(lnS)), dC,ABS(VALUE(arC)-VALUE(lnC)), dA,MIN(ABS(VALUE(arA)-VALUE(lnA)),180-ABS(VALUE(arA)-VALUE(lnA))), IF(OR(dS>sLarge,dC>cLarge,dA>aLarge),"Large",IF(OR(dS>sMed,dC>cMed,dA>aMed),"Medium","Small")) ) ))} -> Large | J2: {=LET(sat,XLOOKUP($A2,Patient_Input_Data!$B:$B,Patient_Input_Data!$O:$O,""),rs,XLOOKUP($A2,Patient_Input_Data!$B:$B,Patient_Input_Data!$J:$J,""),stab,$G2,misR,$H2,misL,$I2,startAR,XLOOKUP("start_policy_if_only_ar",Calibration!$B:$B,Calibration!$C:$C),startL,XLOOKUP("start_policy_if_only_lenso",Calibration!$B:$B,Calibration!$C:$C),startSat,XLOOKUP("start_policy_if_satisfied_small_mismatch",Calibration!$B:$B,Calibration!$C:$C),startUnsat,XLOOKUP("start_policy_if_unsatisfied_or_blur",Calibration!$B:$B,Calibration!$C:$C),startHybrid,XLOOKUP("start_policy_if_large_mismatch_or_unstable",Calibration!$B:$B,Calibration!$C:$C),arR,XLOOKUP($A2,AR_Input!$A:$A,AR_Input!$B:$B,""),arL,XLOOKUP($A2,AR_Input!$A:$A,AR_Input!$E:$E,""),lenR,XLOOKUP($A2,Lenso_Input!$A:$A,Lenso_Input!$B:$B,""),lenL,XLOOKUP($A2,Lenso_Input!$A:$A,Lenso_Input!$F:$F,""),hasAR,OR(arR<>"",arL<>""),hasLenso,OR(lenR<>"",lenL<>""),IF(AND(hasAR,NOT(hasLenso)),startAR,IF(AND(hasLenso,NOT(hasAR)),startL,IF(AND(sat="Satisfied",misR="Small",misL="Small"),startSat,IF(OR(sat="Not satisfied",rs="Blurred distance",rs="Blurred near"),startUnsat,IF(OR(misR="Large",misL="Large",stab="Unstable"),startHybrid,startAR))))))} -> Start_AR | K2: {=LET(ar,XLOOKUP($A2,AR_Input!$A:$A,AR_Input!$B:$B,""),ln,XLOOKUP($A2,Lenso_Input!$A:$A,Lenso_Input!$B:$B,""),pol,$J2,step,XLOOKUP("hybrid_rounding_step",Calibration!$B:$B,Calibration!$C:$C),IF(pol="Start_AR",ar,IF(pol="Start_Lenso",IF(ln<>"",ln,ar),IF(AND(ar<>"",ln<>""),ROUND(((ar+ln)/2)/step,0)*step,IF(ar<>"",ar,ln)))))} -> -2.5 | L2: {=LET(ar,XLOOKUP($A2,AR_Input!$A:$A,AR_Input!$C:$C,""),ln,XLOOKUP($A2,Lenso_Input!$A:$A,Lenso_Input!$C:$C,""),pol,$J2,step,XLOOKUP("hybrid_rounding_step",Calibration!$B:$B,Calibration!$C:$C),IF(pol="Start_AR",ar,IF(pol="Start_Lenso",IF(ln<>"",ln,ar),IF(AND(ar<>"",ln<>""),ROUND(((ar+ln)/2)/step,0)*step,IF(ar<>"",ar,ln)))))} -> -1.75 | M2: {=LET(ar,XLOOKUP($A2,AR_Input!$A:$A,AR_Input!$D:$D,""),ln,XLOOKUP($A2,Lenso_Input!$A:$A,Lenso_Input!$D:$D,""),pol,$J2,IF(pol="Start_AR",ar,IF(pol="Start_Lenso",IF(ln<>"",ln,ar),IF(ar<>"",ar,ln))))} -> 90 | N2: {=LET(ar,XLOOKUP($A2,AR_Input!$A:$A,AR_Input!$E:$E,""),ln,XLOOKUP($A2,Lenso_Input!$A:$A,Lenso_Input!$F:$F,""),pol,$J2,step,XLOOKUP("hybrid_rounding_step",Calibration!$B:$B,Calibration!$C:$C),IF(pol="Start_AR",ar,IF(pol="Start_Lenso",IF(ln<>"",ln,ar),IF(AND(ar<>"",ln<>""),ROUND(((ar+ln)/2)/step,0)*step,IF(ar<>"",ar,ln)))))} -> -2.5 | O2: {=LET(ar,XLOOKUP($A2,AR_Input!$A:$A,AR_Input!$F:$F,""),ln,XLOOKUP($A2,Lenso_Input!$A:$A,Lenso_Input!$G:$G,""),pol,$J2,step,XLOOKUP("hybrid_rounding_step",Calibration!$B:$B,Calibration!$C:$C),IF(pol="Start_AR",ar,IF(pol="Start_Lenso",IF(ln<>"",ln,ar),IF(AND(ar<>"",ln<>""),ROUND(((ar+ln)/2)/step,0)*step,IF(ar<>"",ar,ln)))))} -> -3.75 | P2: {=LET(ar,XLOOKUP($A2,AR_Input!$A:$A,AR_Input!$G:$G,""),ln,XLOOKUP($A2,Lenso_Input!$A:$A,Lenso_Input!$H:$H,""),pol,$J2,IF(pol="Start_AR",ar,IF(pol="Start_Lenso",IF(ln<>"",ln,ar),IF(ar<>"",ar,ln))))} -> 70 | Q2: {=LET(a,XLOOKUP($A2,Patient_Input_Data!$B:$B,Patient_Input_Data!$D:$D,""),wt,XLOOKUP($A2,Patient_Input_Data!$B:$B,Patient_Input_Data!$M:$M,""),addR,XLOOKUP($A2,Lenso_Input!$A:$A,Lenso_Input!$E:$E,""),addL,XLOOKUP($A2,Lenso_Input!$A:$A,Lenso_Input!$I:$I,""),near,D2,likelyAge,XLOOKUP("add_likely_min_age",Calibration!$B:$B,Calibration!$C:$C),possibleAge,XLOOKUP("add_possible_min_age",Calibration!$B:$B,Calibration!$C:$C),IF(OR(a>=likelyAge,wt="Progressive",wt="Bifocal",addR<>"",addL<>""),"Likely",IF(AND(a>=possibleAge,a<=likelyAge-1,near="High"),"Possible","None")))} -> Likely | R2: {=LET(dt,XLOOKUP($A2,Patient_Input_Data!$B:$B,Patient_Input_Data!$AC:$AC,""),sym,E2,med,F2,stab,G2,target66,XLOOKUP("default_distance_target",Calibration!$B:$B,Calibration!$C:$C),target69,XLOOKUP("high_risk_distance_target",Calibration!$B:$B,Calibration!$C:$C),IF(dt<>"",IF(OR(dt="Accept 6/9 if needed",dt="6/9 acceptable",dt="6/9_acceptable"),target69,target66),IF(OR(sym="High",med="High",stab="Unstable"),target69,target66)))} -> 6/6_target | S2: =IFERROR(__xludf.DUMMYFUNCTION("LET(pri,XLOOKUP($A2,Patient_Input_Data!$B:$B,Patient_Input_Data!$AB:$AB,""""),ageB,B2,near,D2,oc,XLOOKUP($A2,Patient_Input_Data!$B:$B,Patient_Input_Data!$G:$G,""""),sym,E2,s,XLOOKUP($A2,Patient_Input_Data!$B:$B,Patient_Input_Data!$K:$K,""""),IF(sym=""High"&""",""Neutral"",IF(AND(pri=""Comfort-first"",ageB=""Presbyope"",near=""High""),""Undercorrect"",IF(AND(oc=""Driver"",OR(REGEXMATCH(s,""Night driving difficulty""),REGEXMATCH(s,""Glare/halos""))),""Overcorrect"",""Neutral""))))"),"Neutral") -> Neutral | T2: =LET(stab,G2,med,F2,sym,E2,IF(OR(stab="Unstable",med="High",sym="High"),"Conservative",IF(AND(stab="Stable",med="None",sym="None"),"Aggressive","Standard"))) -> Conservative | U2: {=IF(T2="Conservative",XLOOKUP("max_delta_start_conservative",Calibration!B:B,Calibration!C:C),IF(T2="Standard",XLOOKUP("max_delta_start_standard",Calibration!B:B,Calibration!C:C),XLOOKUP("max_delta_start_aggressive",Calibration!B:B,Calibration!C:C)))} -> 1.25 | V2: {=XLOOKUP("max_delta_ar_standard",Calibration!B:B,Calibration!C:C)} -> 3 | W2: {=IF(AB2="Strict", XLOOKUP("axis_tol_strict",Calibration!$B:$B,Calibration!$C:$C), IF(AB2="Normal", XLOOKUP("axis_tol_normal",Calibration!$B:$B,Calibration!$C:$C), XLOOKUP("axis_tol_relaxed",Calibration!$B:$B,Calibration!$C:$C)))} -> 1 | X2: {=IF(T2="Aggressive", XLOOKUP("cyl_tol_aggressive",Calibration!$B:$B,Calibration!$C:$C), XLOOKUP("cyl_tol_standard",Calibration!$B:$B,Calibration!$C:$C))} -> 0.25 | Y2: {=IF(OR(E2="High",F2="High",XLOOKUP($A2,Patient_Input_Data!$B:$B,Patient_Input_Data!$AA:$AA,"")="True"),TRUE,FALSE)} -> TRUE | Z2: =IF(OR(G2<>"Stable",J2="Hybrid",H2="Large",I2="Large"),TRUE,FALSE) -> TRUE | AA2: =IF(AND(B2="Adult",G2="Stable",E2="None",F2="None"),"Fast",IF(OR(B2="Presbyope",G2<>"Stable",E2="High",F2="High"),"Slow","Normal")) -> Slow | AB2: =IF(OR(E2="High",F2="High",G2="Unstable"),"Strict",IF(OR(E2="Moderate",F2="Moderate",G2="Uncertain"),"Normal","Relaxed")) -> Strict | AC2: =IF(OR(G2<>"Stable",E2="High",F2="High"),"High",IF(OR(E2="Moderate",F2="Moderate"),"Medium","Low")) -> High | AD2: =IF(OR(B2="Presbyope",G2="Unstable",F2="High",E2="High"),"Strong_Fog",IF(AND(B2="Adult",G2="Stable",OR(F2="Moderate",E2="Moderate")),"Standard_Fog","No_Fog")) -> Strong_Fog | AE2: {=IF(AD2="Strong_Fog",XLOOKUP("strong_fog_amount",Calibration!B:B,Calibration!C:C),IF(AD2="Standard_Fog",XLOOKUP("standard_fog_amount",Calibration!B:B,Calibration!C:C),XLOOKUP("no_fog_amount",Calibration!B:B,Calibration!C:C)))} -> 1 | AF2: =IF(AND(AD2="Strong_Fog",R2="6/9_acceptable"),"Early_Stop_if_Risk",IF(AD2="Strong_Fog","StepDown_0.25","StepDown_0.50_then_0.25")) -> StepDown_0.25 | AG2: =IF(OR(G2="Unstable",E2="High"),"High",IF(OR(E2="Moderate",F2="Moderate"),"Medium","Low")) -> High | AH2: =IF(OR(E2="High",F2="High",G2="Unstable"),"Fine","Normal") -> Fine | AI2: {=IF(AB2="Strict", XLOOKUP("duochrome_max_flips_strict",Calibration!$B:$B,Calibration!$C:$C), IF(AB2="Normal", XLOOKUP("duochrome_max_flips_normal",Calibration!$B:$B,Calibration!$C:$C), XLOOKUP("duochrome_max_flips_relaxed",Calibration!$B:$B,Calibration!$C:$C)))} -> 3 | AJ2: {=LET( nearPr,D2, addExp,Q2, ageB,B2, forceHighNear,XLOOKUP("allow_high_near_priority_to_force_near",Calibration!$B:$B,Calibration!$C:$C), allowPossible,XLOOKUP("trigger_near_if_dv_add_expected_possible",Calibration!$B:$B,Calibration!$C:$C), allowLikely,XLOOKUP("trigger_near_if_dv_add_expected_likely",Calibration!$B:$B,Calibration!$C:$C), IF( OR( AND(addExp="Likely",allowLikely=TRUE), AND(addExp="Possible",allowPossible=TRUE), AND(nearPr="High",forceHighNear=TRUE) ), TRUE, FALSE ))} -> TRUE
A3: 2 | B3: {=LET(age,XLOOKUP($A3,Patient_Input_Data!$B:$B,Patient_Input_Data!$D:$D,""),childMax,XLOOKUP("age_child_max",Calibration!$B:$B,Calibration!$C:$C),presMin,XLOOKUP("age_presbyope_min",Calibration!$B:$B,Calibration!$C:$C),IF(age<childMax,"Child",IF(age>=presMin,"Presbyope","Adult")))} -> Presbyope | C3: {=LET(drive,XLOOKUP($A3,Patient_Input_Data!$B:$B,Patient_Input_Data!$I:$I,""),occ,XLOOKUP($A3,Patient_Input_Data!$B:$B,Patient_Input_Data!$G:$G,""),pri,XLOOKUP($A3,Patient_Input_Data!$B:$B,Patient_Input_Data!$AB:$AB,""),driveHigh,XLOOKUP("driving_hours_high",Calibration!$B:$B,Calibration!$C:$C),base,IF(OR(drive>=driveHigh,occ="Driver"),"High","Medium"),IF(pri="Comfort-first",IF(base="High","Medium","Low"),base))} -> High | D3: {=LET(np,XLOOKUP($A3,Patient_Input_Data!$B:$B,Patient_Input_Data!$AD:$AD,""),st,XLOOKUP($A3,Patient_Input_Data!$B:$B,Patient_Input_Data!$H:$H,""),rs,XLOOKUP($A3,Patient_Input_Data!$B:$B,Patient_Input_Data!$J:$J,""),screenHigh,XLOOKUP("screen_time_high",Calibration!$B:$B,Calibration!$C:$C),IF(np<>"",np,IF(OR(st>=screenHigh,rs="Blurred near"),"High","Medium")))} -> High | E3: =IFERROR(__xludf.DUMMYFUNCTION("LET(s,XLOOKUP($A3,Patient_Input_Data!$B:$B,Patient_Input_Data!$K:$K,""""),IF(OR(REGEXMATCH(s,""Sudden vision change""),REGEXMATCH(s,""Double vision"")),""High"",IF(OR(REGEXMATCH(s,""Glare/halos""),REGEXMATCH(s,""Night driving difficulty""),REGEXMATCH(s,"""&"Fluctuating vision"")),""Moderate"",""None"")))"),"None") -> None | F3: {=LET(di,(XLOOKUP($A3,Patient_Input_Data!$B:$B,Patient_Input_Data!$U:$U,"")="True"),surg,XLOOKUP($A3,Patient_Input_Data!$B:$B,Patient_Input_Data!$X:$X,"")<>"None",ker,(XLOOKUP($A3,Patient_Input_Data!$B:$B,Patient_Input_Data!$Y:$Y,"")="True"),amb,(XLOOKUP($A3,Patient_Input_Data!$B:$B,Patient_Input_Data!$Z:$Z,"")="True"),inf,(XLOOKUP($A3,Patient_Input_Data!$B:$B,Patient_Input_Data!$AA:$AA,"")="True"),IF(OR(ker,inf),"High",IF(OR(di,surg,amb),"Moderate","None")))} -> None | G3: {=LET(last,XLOOKUP($A3,Patient_Input_Data!$B:$B,Patient_Input_Data!$Q:$Q,""),fl,(XLOOKUP($A3,Patient_Input_Data!$B:$B,Patient_Input_Data!$T:$T,"")="True"),chg,(XLOOKUP($A3,Patient_Input_Data!$B:$B,Patient_Input_Data!$S:$S,"")="True"),di,(XLOOKUP($A3,Patient_Input_Data!$B:$B,Patient_Input_Data!$U:$U,"")="True"),uncertainMonths,XLOOKUP("last_eye_test_uncertain_months",Calibration!$B:$B,Calibration!$C:$C),IF(OR(fl,chg),"Unstable",IF(OR(di,last>uncertainMonths),"Uncertain","Stable")))} -> Stable | H3: {=LET( arS,XLOOKUP($A3,AR_Input!$A:$A,AR_Input!$B:$B,""), arC,XLOOKUP($A3,AR_Input!$A:$A,AR_Input!$C:$C,""), arA,XLOOKUP($A3,AR_Input!$A:$A,AR_Input!$D:$D,""), lnS,XLOOKUP($A3,Lenso_Input!$A:$A,Lenso_Input!$B:$B,""), lnC,XLOOKUP($A3,Lenso_Input!$A:$A,Lenso_Input!$C:$C,""), lnA,XLOOKUP($A3,Lenso_Input!$A:$A,Lenso_Input!$D:$D,""), hasAR,AND(arS<>"",arC<>"",arA<>""), hasLenso,AND(lnS<>"",lnC<>"",lnA<>""), sMed,XLOOKUP("mismatch_re_sph_medium",Calibration!$B:$B,Calibration!$C:$C), sLarge,XLOOKUP("mismatch_re_sph_large",Calibration!$B:$B,Calibration!$C:$C), cMed,XLOOKUP("mismatch_re_cyl_medium",Calibration!$B:$B,Calibration!$C:$C), cLarge,XLOOKUP("mismatch_re_cyl_large",Calibration!$B:$B,Calibration!$C:$C), aMed,XLOOKUP("mismatch_re_axis_medium",Calibration!$B:$B,Calibration!$C:$C), aLarge,XLOOKUP("mismatch_re_axis_large",Calibration!$B:$B,Calibration!$C:$C), IF( NOT(AND(hasAR,hasLenso)), "Small", LET( dS,ABS(VALUE(arS)-VALUE(lnS)), dC,ABS(VALUE(arC)-VALUE(lnC)), dA,MIN(ABS(VALUE(arA)-VALUE(lnA)),180-ABS(VALUE(arA)-VALUE(lnA))), IF(OR(dS>sLarge,dC>cLarge,dA>aLarge),"Large",IF(OR(dS>sMed,dC>cMed,dA>aMed),"Medium","Small")) ) ))} -> Small | I3: {=LET( arS,XLOOKUP($A3,AR_Input!$A:$A,AR_Input!$E:$E,""), arC,XLOOKUP($A3,AR_Input!$A:$A,AR_Input!$F:$F,""), arA,XLOOKUP($A3,AR_Input!$A:$A,AR_Input!$G:$G,""), lnS,XLOOKUP($A3,Lenso_Input!$A:$A,Lenso_Input!$F:$F,""), lnC,XLOOKUP($A3,Lenso_Input!$A:$A,Lenso_Input!$G:$G,""), lnA,XLOOKUP($A3,Lenso_Input!$A:$A,Lenso_Input!$H:$H,""), hasAR,AND(arS<>"",arC<>"",arA<>""), hasLenso,AND(lnS<>"",lnC<>"",lnA<>""), sMed,XLOOKUP("mismatch_le_sph_medium",Calibration!$B:$B,Calibration!$C:$C), sLarge,XLOOKUP("mismatch_le_sph_large",Calibration!$B:$B,Calibration!$C:$C), cMed,XLOOKUP("mismatch_le_cyl_medium",Calibration!$B:$B,Calibration!$C:$C), cLarge,XLOOKUP("mismatch_le_cyl_large",Calibration!$B:$B,Calibration!$C:$C), aMed,XLOOKUP("mismatch_le_axis_medium",Calibration!$B:$B,Calibration!$C:$C), aLarge,XLOOKUP("mismatch_le_axis_large",Calibration!$B:$B,Calibration!$C:$C), IF( NOT(AND(hasAR,hasLenso)), "Small", LET( dS,ABS(VALUE(arS)-VALUE(lnS)), dC,ABS(VALUE(arC)-VALUE(lnC)), dA,MIN(ABS(VALUE(arA)-VALUE(lnA)),180-ABS(VALUE(arA)-VALUE(lnA))), IF(OR(dS>sLarge,dC>cLarge,dA>aLarge),"Large",IF(OR(dS>sMed,dC>cMed,dA>aMed),"Medium","Small")) ) ))} -> Small | J3: {=LET(sat,XLOOKUP($A3,Patient_Input_Data!$B:$B,Patient_Input_Data!$O:$O,""),rs,XLOOKUP($A3,Patient_Input_Data!$B:$B,Patient_Input_Data!$J:$J,""),stab,$G3,misR,$H3,misL,$I3,startAR,XLOOKUP("start_policy_if_only_ar",Calibration!$B:$B,Calibration!$C:$C),startL,XLOOKUP("start_policy_if_only_lenso",Calibration!$B:$B,Calibration!$C:$C),startSat,XLOOKUP("start_policy_if_satisfied_small_mismatch",Calibration!$B:$B,Calibration!$C:$C),startUnsat,XLOOKUP("start_policy_if_unsatisfied_or_blur",Calibration!$B:$B,Calibration!$C:$C),startHybrid,XLOOKUP("start_policy_if_large_mismatch_or_unstable",Calibration!$B:$B,Calibration!$C:$C),arR,XLOOKUP($A3,AR_Input!$A:$A,AR_Input!$B:$B,""),arL,XLOOKUP($A3,AR_Input!$A:$A,AR_Input!$E:$E,""),lenR,XLOOKUP($A3,Lenso_Input!$A:$A,Lenso_Input!$B:$B,""),lenL,XLOOKUP($A3,Lenso_Input!$A:$A,Lenso_Input!$F:$F,""),hasAR,OR(arR<>"",arL<>""),hasLenso,OR(lenR<>"",lenL<>""),IF(AND(hasAR,NOT(hasLenso)),startAR,IF(AND(hasLenso,NOT(hasAR)),startL,IF(AND(sat="Satisfied",misR="Small",misL="Small"),startSat,IF(OR(sat="Not satisfied",rs="Blurred distance",rs="Blurred near"),startUnsat,IF(OR(misR="Large",misL="Large",stab="Unstable"),startHybrid,startAR))))))} -> Start_AR | K3: {=LET(ar,XLOOKUP($A3,AR_Input!$A:$A,AR_Input!$B:$B,""),ln,XLOOKUP($A3,Lenso_Input!$A:$A,Lenso_Input!$B:$B,""),pol,$J3,step,XLOOKUP("hybrid_rounding_step",Calibration!$B:$B,Calibration!$C:$C),IF(pol="Start_AR",ar,IF(pol="Start_Lenso",IF(ln<>"",ln,ar),IF(AND(ar<>"",ln<>""),ROUND(((ar+ln)/2)/step,0)*step,IF(ar<>"",ar,ln)))))} -> -0.5 | L3: {=LET(ar,XLOOKUP($A3,AR_Input!$A:$A,AR_Input!$C:$C,""),ln,XLOOKUP($A3,Lenso_Input!$A:$A,Lenso_Input!$C:$C,""),pol,$J3,step,XLOOKUP("hybrid_rounding_step",Calibration!$B:$B,Calibration!$C:$C),IF(pol="Start_AR",ar,IF(pol="Start_Lenso",IF(ln<>"",ln,ar),IF(AND(ar<>"",ln<>""),ROUND(((ar+ln)/2)/step,0)*step,IF(ar<>"",ar,ln)))))} -> -0.75 | M3: {=LET(ar,XLOOKUP($A3,AR_Input!$A:$A,AR_Input!$D:$D,""),ln,XLOOKUP($A3,Lenso_Input!$A:$A,Lenso_Input!$D:$D,""),pol,$J3,IF(pol="Start_AR",ar,IF(pol="Start_Lenso",IF(ln<>"",ln,ar),IF(ar<>"",ar,ln))))} -> 50 | N3: {=LET(ar,XLOOKUP($A3,AR_Input!$A:$A,AR_Input!$E:$E,""),ln,XLOOKUP($A3,Lenso_Input!$A:$A,Lenso_Input!$F:$F,""),pol,$J3,step,XLOOKUP("hybrid_rounding_step",Calibration!$B:$B,Calibration!$C:$C),IF(pol="Start_AR",ar,IF(pol="Start_Lenso",IF(ln<>"",ln,ar),IF(AND(ar<>"",ln<>""),ROUND(((ar+ln)/2)/step,0)*step,IF(ar<>"",ar,ln)))))} -> -0.25 | O3: {=LET(ar,XLOOKUP($A3,AR_Input!$A:$A,AR_Input!$F:$F,""),ln,XLOOKUP($A3,Lenso_Input!$A:$A,Lenso_Input!$G:$G,""),pol,$J3,step,XLOOKUP("hybrid_rounding_step",Calibration!$B:$B,Calibration!$C:$C),IF(pol="Start_AR",ar,IF(pol="Start_Lenso",IF(ln<>"",ln,ar),IF(AND(ar<>"",ln<>""),ROUND(((ar+ln)/2)/step,0)*step,IF(ar<>"",ar,ln)))))} -> -1 | P3: {=LET(ar,XLOOKUP($A3,AR_Input!$A:$A,AR_Input!$G:$G,""),ln,XLOOKUP($A3,Lenso_Input!$A:$A,Lenso_Input!$H:$H,""),pol,$J3,IF(pol="Start_AR",ar,IF(pol="Start_Lenso",IF(ln<>"",ln,ar),IF(ar<>"",ar,ln))))} -> 60 | Q3: {=LET(a,XLOOKUP($A3,Patient_Input_Data!$B:$B,Patient_Input_Data!$D:$D,""),wt,XLOOKUP($A3,Patient_Input_Data!$B:$B,Patient_Input_Data!$M:$M,""),addR,XLOOKUP($A3,Lenso_Input!$A:$A,Lenso_Input!$E:$E,""),addL,XLOOKUP($A3,Lenso_Input!$A:$A,Lenso_Input!$I:$I,""),near,D3,likelyAge,XLOOKUP("add_likely_min_age",Calibration!$B:$B,Calibration!$C:$C),possibleAge,XLOOKUP("add_possible_min_age",Calibration!$B:$B,Calibration!$C:$C),IF(OR(a>=likelyAge,wt="Progressive",wt="Bifocal",addR<>"",addL<>""),"Likely",IF(AND(a>=possibleAge,a<=likelyAge-1,near="High"),"Possible","None")))} -> Likely | R3: {=LET(dt,XLOOKUP($A3,Patient_Input_Data!$B:$B,Patient_Input_Data!$AC:$AC,""),sym,E3,med,F3,stab,G3,target66,XLOOKUP("default_distance_target",Calibration!$B:$B,Calibration!$C:$C),target69,XLOOKUP("high_risk_distance_target",Calibration!$B:$B,Calibration!$C:$C),IF(dt<>"",IF(OR(dt="Accept 6/9 if needed",dt="6/9 acceptable",dt="6/9_acceptable"),target69,target66),IF(OR(sym="High",med="High",stab="Unstable"),target69,target66)))} -> 6/6_target | S3: =IFERROR(__xludf.DUMMYFUNCTION("LET(pri,XLOOKUP($A3,Patient_Input_Data!$B:$B,Patient_Input_Data!$AB:$AB,""""),ageB,B3,near,D3,oc,XLOOKUP($A3,Patient_Input_Data!$B:$B,Patient_Input_Data!$G:$G,""""),sym,E3,s,XLOOKUP($A3,Patient_Input_Data!$B:$B,Patient_Input_Data!$K:$K,""""),IF(sym=""High"&""",""Neutral"",IF(AND(pri=""Comfort-first"",ageB=""Presbyope"",near=""High""),""Undercorrect"",IF(AND(oc=""Driver"",OR(REGEXMATCH(s,""Night driving difficulty""),REGEXMATCH(s,""Glare/halos""))),""Overcorrect"",""Neutral""))))"),"Neutral") -> Neutral | T3: =LET(stab,G3,med,F3,sym,E3,IF(OR(stab="Unstable",med="High",sym="High"),"Conservative",IF(AND(stab="Stable",med="None",sym="None"),"Aggressive","Standard"))) -> Aggressive | U3: {=IF(T3="Conservative",XLOOKUP("max_delta_start_conservative",Calibration!B:B,Calibration!C:C),IF(T3="Standard",XLOOKUP("max_delta_start_standard",Calibration!B:B,Calibration!C:C),XLOOKUP("max_delta_start_aggressive",Calibration!B:B,Calibration!C:C)))} -> 2.5 | V3: {=XLOOKUP("max_delta_ar_standard",Calibration!B:B,Calibration!C:C)} -> 3 | W3: {=IF(AB3="Strict", XLOOKUP("axis_tol_strict",Calibration!$B:$B,Calibration!$C:$C), IF(AB3="Normal", XLOOKUP("axis_tol_normal",Calibration!$B:$B,Calibration!$C:$C), XLOOKUP("axis_tol_relaxed",Calibration!$B:$B,Calibration!$C:$C)))} -> 5 | X3: {=IF(T3="Aggressive", XLOOKUP("cyl_tol_aggressive",Calibration!$B:$B,Calibration!$C:$C), XLOOKUP("cyl_tol_standard",Calibration!$B:$B,Calibration!$C:$C))} -> 0.5 | Y3: {=IF(OR(E3="High",F3="High",XLOOKUP($A3,Patient_Input_Data!$B:$B,Patient_Input_Data!$AA:$AA,"")="True"),TRUE,FALSE)} -> FALSE | Z3: =IF(OR(G3<>"Stable",J3="Hybrid",H3="Large",I3="Large"),TRUE,FALSE) -> FALSE | AA3: =IF(AND(B3="Adult",G3="Stable",E3="None",F3="None"),"Fast",IF(OR(B3="Presbyope",G3<>"Stable",E3="High",F3="High"),"Slow","Normal")) -> Slow | AB3: =IF(OR(E3="High",F3="High",G3="Unstable"),"Strict",IF(OR(E3="Moderate",F3="Moderate",G3="Uncertain"),"Normal","Relaxed")) -> Relaxed | AC3: =IF(OR(G3<>"Stable",E3="High",F3="High"),"High",IF(OR(E3="Moderate",F3="Moderate"),"Medium","Low")) -> Low | AD3: =IF(OR(B3="Presbyope",G3="Unstable",F3="High",E3="High"),"Strong_Fog",IF(AND(B3="Adult",G3="Stable",OR(F3="Moderate",E3="Moderate")),"Standard_Fog","No_Fog")) -> Strong_Fog | AE3: {=IF(AD3="Strong_Fog",XLOOKUP("strong_fog_amount",Calibration!B:B,Calibration!C:C),IF(AD3="Standard_Fog",XLOOKUP("standard_fog_amount",Calibration!B:B,Calibration!C:C),XLOOKUP("no_fog_amount",Calibration!B:B,Calibration!C:C)))} -> 1 | AF3: =IF(AND(AD3="Strong_Fog",R3="6/9_acceptable"),"Early_Stop_if_Risk",IF(AD3="Strong_Fog","StepDown_0.25","StepDown_0.50_then_0.25")) -> StepDown_0.25 | AG3: =IF(OR(G3="Unstable",E3="High"),"High",IF(OR(E3="Moderate",F3="Moderate"),"Medium","Low")) -> Low | AH3: =IF(OR(E3="High",F3="High",G3="Unstable"),"Fine","Normal") -> Normal | AI3: {=IF(AB3="Strict", XLOOKUP("duochrome_max_flips_strict",Calibration!$B:$B,Calibration!$C:$C), IF(AB3="Normal", XLOOKUP("duochrome_max_flips_normal",Calibration!$B:$B,Calibration!$C:$C), XLOOKUP("duochrome_max_flips_relaxed",Calibration!$B:$B,Calibration!$C:$C)))} -> 5 | AJ3: {=LET( nearPr,D3, addExp,Q3, ageB,B3, forceHighNear,XLOOKUP("allow_high_near_priority_to_force_near",Calibration!$B:$B,Calibration!$C:$C), allowPossible,XLOOKUP("trigger_near_if_dv_add_expected_possible",Calibration!$B:$B,Calibration!$C:$C), allowLikely,XLOOKUP("trigger_near_if_dv_add_expected_likely",Calibration!$B:$B,Calibration!$C:$C), IF( OR( AND(addExp="Likely",allowLikely=TRUE), AND(addExp="Possible",allowPossible=TRUE), AND(nearPr="High",forceHighNear=TRUE) ), TRUE, FALSE ))} -> TRUE
A4: 3 | B4: {=LET(age,XLOOKUP($A4,Patient_Input_Data!$B:$B,Patient_Input_Data!$D:$D,""),childMax,XLOOKUP("age_child_max",Calibration!$B:$B,Calibration!$C:$C),presMin,XLOOKUP("age_presbyope_min",Calibration!$B:$B,Calibration!$C:$C),IF(age<childMax,"Child",IF(age>=presMin,"Presbyope","Adult")))} -> Adult | C4: {=LET(drive,XLOOKUP($A4,Patient_Input_Data!$B:$B,Patient_Input_Data!$I:$I,""),occ,XLOOKUP($A4,Patient_Input_Data!$B:$B,Patient_Input_Data!$G:$G,""),pri,XLOOKUP($A4,Patient_Input_Data!$B:$B,Patient_Input_Data!$AB:$AB,""),driveHigh,XLOOKUP("driving_hours_high",Calibration!$B:$B,Calibration!$C:$C),base,IF(OR(drive>=driveHigh,occ="Driver"),"High","Medium"),IF(pri="Comfort-first",IF(base="High","Medium","Low"),base))} -> Medium | D4: {=LET(np,XLOOKUP($A4,Patient_Input_Data!$B:$B,Patient_Input_Data!$AD:$AD,""),st,XLOOKUP($A4,Patient_Input_Data!$B:$B,Patient_Input_Data!$H:$H,""),rs,XLOOKUP($A4,Patient_Input_Data!$B:$B,Patient_Input_Data!$J:$J,""),screenHigh,XLOOKUP("screen_time_high",Calibration!$B:$B,Calibration!$C:$C),IF(np<>"",np,IF(OR(st>=screenHigh,rs="Blurred near"),"High","Medium")))} -> Low | E4: =IFERROR(__xludf.DUMMYFUNCTION("LET(s,XLOOKUP($A4,Patient_Input_Data!$B:$B,Patient_Input_Data!$K:$K,""""),IF(OR(REGEXMATCH(s,""Sudden vision change""),REGEXMATCH(s,""Double vision"")),""High"",IF(OR(REGEXMATCH(s,""Glare/halos""),REGEXMATCH(s,""Night driving difficulty""),REGEXMATCH(s,"""&"Fluctuating vision"")),""Moderate"",""None"")))"),"None") -> None | F4: {=LET(di,(XLOOKUP($A4,Patient_Input_Data!$B:$B,Patient_Input_Data!$U:$U,"")="True"),surg,XLOOKUP($A4,Patient_Input_Data!$B:$B,Patient_Input_Data!$X:$X,"")<>"None",ker,(XLOOKUP($A4,Patient_Input_Data!$B:$B,Patient_Input_Data!$Y:$Y,"")="True"),amb,(XLOOKUP($A4,Patient_Input_Data!$B:$B,Patient_Input_Data!$Z:$Z,"")="True"),inf,(XLOOKUP($A4,Patient_Input_Data!$B:$B,Patient_Input_Data!$AA:$AA,"")="True"),IF(OR(ker,inf),"High",IF(OR(di,surg,amb),"Moderate","None")))} -> None | G4: {=LET(last,XLOOKUP($A4,Patient_Input_Data!$B:$B,Patient_Input_Data!$Q:$Q,""),fl,(XLOOKUP($A4,Patient_Input_Data!$B:$B,Patient_Input_Data!$T:$T,"")="True"),chg,(XLOOKUP($A4,Patient_Input_Data!$B:$B,Patient_Input_Data!$S:$S,"")="True"),di,(XLOOKUP($A4,Patient_Input_Data!$B:$B,Patient_Input_Data!$U:$U,"")="True"),uncertainMonths,XLOOKUP("last_eye_test_uncertain_months",Calibration!$B:$B,Calibration!$C:$C),IF(OR(fl,chg),"Unstable",IF(OR(di,last>uncertainMonths),"Uncertain","Stable")))} -> Stable | H4: {=LET( arS,XLOOKUP($A4,AR_Input!$A:$A,AR_Input!$B:$B,""), arC,XLOOKUP($A4,AR_Input!$A:$A,AR_Input!$C:$C,""), arA,XLOOKUP($A4,AR_Input!$A:$A,AR_Input!$D:$D,""), lnS,XLOOKUP($A4,Lenso_Input!$A:$A,Lenso_Input!$B:$B,""), lnC,XLOOKUP($A4,Lenso_Input!$A:$A,Lenso_Input!$C:$C,""), lnA,XLOOKUP($A4,Lenso_Input!$A:$A,Lenso_Input!$D:$D,""), hasAR,AND(arS<>"",arC<>"",arA<>""), hasLenso,AND(lnS<>"",lnC<>"",lnA<>""), sMed,XLOOKUP("mismatch_re_sph_medium",Calibration!$B:$B,Calibration!$C:$C), sLarge,XLOOKUP("mismatch_re_sph_large",Calibration!$B:$B,Calibration!$C:$C), cMed,XLOOKUP("mismatch_re_cyl_medium",Calibration!$B:$B,Calibration!$C:$C), cLarge,XLOOKUP("mismatch_re_cyl_large",Calibration!$B:$B,Calibration!$C:$C), aMed,XLOOKUP("mismatch_re_axis_medium",Calibration!$B:$B,Calibration!$C:$C), aLarge,XLOOKUP("mismatch_re_axis_large",Calibration!$B:$B,Calibration!$C:$C), IF( NOT(AND(hasAR,hasLenso)), "Small", LET( dS,ABS(VALUE(arS)-VALUE(lnS)), dC,ABS(VALUE(arC)-VALUE(lnC)), dA,MIN(ABS(VALUE(arA)-VALUE(lnA)),180-ABS(VALUE(arA)-VALUE(lnA))), IF(OR(dS>sLarge,dC>cLarge,dA>aLarge),"Large",IF(OR(dS>sMed,dC>cMed,dA>aMed),"Medium","Small")) ) ))} -> Small | I4: {=LET( arS,XLOOKUP($A4,AR_Input!$A:$A,AR_Input!$E:$E,""), arC,XLOOKUP($A4,AR_Input!$A:$A,AR_Input!$F:$F,""), arA,XLOOKUP($A4,AR_Input!$A:$A,AR_Input!$G:$G,""), lnS,XLOOKUP($A4,Lenso_Input!$A:$A,Lenso_Input!$F:$F,""), lnC,XLOOKUP($A4,Lenso_Input!$A:$A,Lenso_Input!$G:$G,""), lnA,XLOOKUP($A4,Lenso_Input!$A:$A,Lenso_Input!$H:$H,""), hasAR,AND(arS<>"",arC<>"",arA<>""), hasLenso,AND(lnS<>"",lnC<>"",lnA<>""), sMed,XLOOKUP("mismatch_le_sph_medium",Calibration!$B:$B,Calibration!$C:$C), sLarge,XLOOKUP("mismatch_le_sph_large",Calibration!$B:$B,Calibration!$C:$C), cMed,XLOOKUP("mismatch_le_cyl_medium",Calibration!$B:$B,Calibration!$C:$C), cLarge,XLOOKUP("mismatch_le_cyl_large",Calibration!$B:$B,Calibration!$C:$C), aMed,XLOOKUP("mismatch_le_axis_medium",Calibration!$B:$B,Calibration!$C:$C), aLarge,XLOOKUP("mismatch_le_axis_large",Calibration!$B:$B,Calibration!$C:$C), IF( NOT(AND(hasAR,hasLenso)), "Small", LET( dS,ABS(VALUE(arS)-VALUE(lnS)), dC,ABS(VALUE(arC)-VALUE(lnC)), dA,MIN(ABS(VALUE(arA)-VALUE(lnA)),180-ABS(VALUE(arA)-VALUE(lnA))), IF(OR(dS>sLarge,dC>cLarge,dA>aLarge),"Large",IF(OR(dS>sMed,dC>cMed,dA>aMed),"Medium","Small")) ) ))} -> Large | J4: {=LET(sat,XLOOKUP($A4,Patient_Input_Data!$B:$B,Patient_Input_Data!$O:$O,""),rs,XLOOKUP($A4,Patient_Input_Data!$B:$B,Patient_Input_Data!$J:$J,""),stab,$G4,misR,$H4,misL,$I4,startAR,XLOOKUP("start_policy_if_only_ar",Calibration!$B:$B,Calibration!$C:$C),startL,XLOOKUP("start_policy_if_only_lenso",Calibration!$B:$B,Calibration!$C:$C),startSat,XLOOKUP("start_policy_if_satisfied_small_mismatch",Calibration!$B:$B,Calibration!$C:$C),startUnsat,XLOOKUP("start_policy_if_unsatisfied_or_blur",Calibration!$B:$B,Calibration!$C:$C),startHybrid,XLOOKUP("start_policy_if_large_mismatch_or_unstable",Calibration!$B:$B,Calibration!$C:$C),arR,XLOOKUP($A4,AR_Input!$A:$A,AR_Input!$B:$B,""),arL,XLOOKUP($A4,AR_Input!$A:$A,AR_Input!$E:$E,""),lenR,XLOOKUP($A4,Lenso_Input!$A:$A,Lenso_Input!$B:$B,""),lenL,XLOOKUP($A4,Lenso_Input!$A:$A,Lenso_Input!$F:$F,""),hasAR,OR(arR<>"",arL<>""),hasLenso,OR(lenR<>"",lenL<>""),IF(AND(hasAR,NOT(hasLenso)),startAR,IF(AND(hasLenso,NOT(hasAR)),startL,IF(AND(sat="Satisfied",misR="Small",misL="Small"),startSat,IF(OR(sat="Not satisfied",rs="Blurred distance",rs="Blurred near"),startUnsat,IF(OR(misR="Large",misL="Large",stab="Unstable"),startHybrid,startAR))))))} -> Hybrid | K4: {=LET(ar,XLOOKUP($A4,AR_Input!$A:$A,AR_Input!$B:$B,""),ln,XLOOKUP($A4,Lenso_Input!$A:$A,Lenso_Input!$B:$B,""),pol,$J4,step,XLOOKUP("hybrid_rounding_step",Calibration!$B:$B,Calibration!$C:$C),IF(pol="Start_AR",ar,IF(pol="Start_Lenso",IF(ln<>"",ln,ar),IF(AND(ar<>"",ln<>""),ROUND(((ar+ln)/2)/step,0)*step,IF(ar<>"",ar,ln)))))} -> -2.25 | L4: {=LET(ar,XLOOKUP($A4,AR_Input!$A:$A,AR_Input!$C:$C,""),ln,XLOOKUP($A4,Lenso_Input!$A:$A,Lenso_Input!$C:$C,""),pol,$J4,step,XLOOKUP("hybrid_rounding_step",Calibration!$B:$B,Calibration!$C:$C),IF(pol="Start_AR",ar,IF(pol="Start_Lenso",IF(ln<>"",ln,ar),IF(AND(ar<>"",ln<>""),ROUND(((ar+ln)/2)/step,0)*step,IF(ar<>"",ar,ln)))))} -> -1 | M4: {=LET(ar,XLOOKUP($A4,AR_Input!$A:$A,AR_Input!$D:$D,""),ln,XLOOKUP($A4,Lenso_Input!$A:$A,Lenso_Input!$D:$D,""),pol,$J4,IF(pol="Start_AR",ar,IF(pol="Start_Lenso",IF(ln<>"",ln,ar),IF(ar<>"",ar,ln))))} -> 80 | N4: {=LET(ar,XLOOKUP($A4,AR_Input!$A:$A,AR_Input!$E:$E,""),ln,XLOOKUP($A4,Lenso_Input!$A:$A,Lenso_Input!$F:$F,""),pol,$J4,step,XLOOKUP("hybrid_rounding_step",Calibration!$B:$B,Calibration!$C:$C),IF(pol="Start_AR",ar,IF(pol="Start_Lenso",IF(ln<>"",ln,ar),IF(AND(ar<>"",ln<>""),ROUND(((ar+ln)/2)/step,0)*step,IF(ar<>"",ar,ln)))))} -> -3.75 | O4: {=LET(ar,XLOOKUP($A4,AR_Input!$A:$A,AR_Input!$F:$F,""),ln,XLOOKUP($A4,Lenso_Input!$A:$A,Lenso_Input!$G:$G,""),pol,$J4,step,XLOOKUP("hybrid_rounding_step",Calibration!$B:$B,Calibration!$C:$C),IF(pol="Start_AR",ar,IF(pol="Start_Lenso",IF(ln<>"",ln,ar),IF(AND(ar<>"",ln<>""),ROUND(((ar+ln)/2)/step,0)*step,IF(ar<>"",ar,ln)))))} -> -0.25 | P4: {=LET(ar,XLOOKUP($A4,AR_Input!$A:$A,AR_Input!$G:$G,""),ln,XLOOKUP($A4,Lenso_Input!$A:$A,Lenso_Input!$H:$H,""),pol,$J4,IF(pol="Start_AR",ar,IF(pol="Start_Lenso",IF(ln<>"",ln,ar),IF(ar<>"",ar,ln))))} -> 40 | Q4: {=LET(a,XLOOKUP($A4,Patient_Input_Data!$B:$B,Patient_Input_Data!$D:$D,""),wt,XLOOKUP($A4,Patient_Input_Data!$B:$B,Patient_Input_Data!$M:$M,""),addR,XLOOKUP($A4,Lenso_Input!$A:$A,Lenso_Input!$E:$E,""),addL,XLOOKUP($A4,Lenso_Input!$A:$A,Lenso_Input!$I:$I,""),near,D4,likelyAge,XLOOKUP("add_likely_min_age",Calibration!$B:$B,Calibration!$C:$C),possibleAge,XLOOKUP("add_possible_min_age",Calibration!$B:$B,Calibration!$C:$C),IF(OR(a>=likelyAge,wt="Progressive",wt="Bifocal",addR<>"",addL<>""),"Likely",IF(AND(a>=possibleAge,a<=likelyAge-1,near="High"),"Possible","None")))} -> None | R4: {=LET(dt,XLOOKUP($A4,Patient_Input_Data!$B:$B,Patient_Input_Data!$AC:$AC,""),sym,E4,med,F4,stab,G4,target66,XLOOKUP("default_distance_target",Calibration!$B:$B,Calibration!$C:$C),target69,XLOOKUP("high_risk_distance_target",Calibration!$B:$B,Calibration!$C:$C),IF(dt<>"",IF(OR(dt="Accept 6/9 if needed",dt="6/9 acceptable",dt="6/9_acceptable"),target69,target66),IF(OR(sym="High",med="High",stab="Unstable"),target69,target66)))} -> 6/6_target | S4: =IFERROR(__xludf.DUMMYFUNCTION("LET(pri,XLOOKUP($A4,Patient_Input_Data!$B:$B,Patient_Input_Data!$AB:$AB,""""),ageB,B4,near,D4,oc,XLOOKUP($A4,Patient_Input_Data!$B:$B,Patient_Input_Data!$G:$G,""""),sym,E4,s,XLOOKUP($A4,Patient_Input_Data!$B:$B,Patient_Input_Data!$K:$K,""""),IF(sym=""High"&""",""Neutral"",IF(AND(pri=""Comfort-first"",ageB=""Presbyope"",near=""High""),""Undercorrect"",IF(AND(oc=""Driver"",OR(REGEXMATCH(s,""Night driving difficulty""),REGEXMATCH(s,""Glare/halos""))),""Overcorrect"",""Neutral""))))"),"Neutral") -> Neutral | T4: =LET(stab,G4,med,F4,sym,E4,IF(OR(stab="Unstable",med="High",sym="High"),"Conservative",IF(AND(stab="Stable",med="None",sym="None"),"Aggressive","Standard"))) -> Aggressive | U4: {=IF(T4="Conservative",XLOOKUP("max_delta_start_conservative",Calibration!B:B,Calibration!C:C),IF(T4="Standard",XLOOKUP("max_delta_start_standard",Calibration!B:B,Calibration!C:C),XLOOKUP("max_delta_start_aggressive",Calibration!B:B,Calibration!C:C)))} -> 2.5 | V4: {=XLOOKUP("max_delta_ar_standard",Calibration!B:B,Calibration!C:C)} -> 3 | W4: {=IF(AB4="Strict", XLOOKUP("axis_tol_strict",Calibration!$B:$B,Calibration!$C:$C), IF(AB4="Normal", XLOOKUP("axis_tol_normal",Calibration!$B:$B,Calibration!$C:$C), XLOOKUP("axis_tol_relaxed",Calibration!$B:$B,Calibration!$C:$C)))} -> 5 | X4: {=IF(T4="Aggressive", XLOOKUP("cyl_tol_aggressive",Calibration!$B:$B,Calibration!$C:$C), XLOOKUP("cyl_tol_standard",Calibration!$B:$B,Calibration!$C:$C))} -> 0.5 | Y4: {=IF(OR(E4="High",F4="High",XLOOKUP($A4,Patient_Input_Data!$B:$B,Patient_Input_Data!$AA:$AA,"")="True"),TRUE,FALSE)} -> FALSE | Z4: =IF(OR(G4<>"Stable",J4="Hybrid",H4="Large",I4="Large"),TRUE,FALSE) -> TRUE | AA4: =IF(AND(B4="Adult",G4="Stable",E4="None",F4="None"),"Fast",IF(OR(B4="Presbyope",G4<>"Stable",E4="High",F4="High"),"Slow","Normal")) -> Fast | AB4: =IF(OR(E4="High",F4="High",G4="Unstable"),"Strict",IF(OR(E4="Moderate",F4="Moderate",G4="Uncertain"),"Normal","Relaxed")) -> Relaxed | AC4: =IF(OR(G4<>"Stable",E4="High",F4="High"),"High",IF(OR(E4="Moderate",F4="Moderate"),"Medium","Low")) -> Low | AD4: =IF(OR(B4="Presbyope",G4="Unstable",F4="High",E4="High"),"Strong_Fog",IF(AND(B4="Adult",G4="Stable",OR(F4="Moderate",E4="Moderate")),"Standard_Fog","No_Fog")) -> No_Fog | AE4: {=IF(AD4="Strong_Fog",XLOOKUP("strong_fog_amount",Calibration!B:B,Calibration!C:C),IF(AD4="Standard_Fog",XLOOKUP("standard_fog_amount",Calibration!B:B,Calibration!C:C),XLOOKUP("no_fog_amount",Calibration!B:B,Calibration!C:C)))} -> 0.25 | AF4: =IF(AND(AD4="Strong_Fog",R4="6/9_acceptable"),"Early_Stop_if_Risk",IF(AD4="Strong_Fog","StepDown_0.25","StepDown_0.50_then_0.25")) -> StepDown_0.50_then_0.25 | AG4: =IF(OR(G4="Unstable",E4="High"),"High",IF(OR(E4="Moderate",F4="Moderate"),"Medium","Low")) -> Low | AH4: =IF(OR(E4="High",F4="High",G4="Unstable"),"Fine","Normal") -> Normal | AI4: {=IF(AB4="Strict", XLOOKUP("duochrome_max_flips_strict",Calibration!$B:$B,Calibration!$C:$C), IF(AB4="Normal", XLOOKUP("duochrome_max_flips_normal",Calibration!$B:$B,Calibration!$C:$C), XLOOKUP("duochrome_max_flips_relaxed",Calibration!$B:$B,Calibration!$C:$C)))} -> 5 | AJ4: {=LET( nearPr,D4, addExp,Q4, ageB,B4, forceHighNear,XLOOKUP("allow_high_near_priority_to_force_near",Calibration!$B:$B,Calibration!$C:$C), allowPossible,XLOOKUP("trigger_near_if_dv_add_expected_possible",Calibration!$B:$B,Calibration!$C:$C), allowLikely,XLOOKUP("trigger_near_if_dv_add_expected_likely",Calibration!$B:$B,Calibration!$C:$C), IF( OR( AND(addExp="Likely",allowLikely=TRUE), AND(addExp="Possible",allowPossible=TRUE), AND(nearPr="High",forceHighNear=TRUE) ), TRUE, FALSE ))} -> FALSE
A5: 4 | B5: {=LET(age,XLOOKUP($A5,Patient_Input_Data!$B:$B,Patient_Input_Data!$D:$D,""),childMax,XLOOKUP("age_child_max",Calibration!$B:$B,Calibration!$C:$C),presMin,XLOOKUP("age_presbyope_min",Calibration!$B:$B,Calibration!$C:$C),IF(age<childMax,"Child",IF(age>=presMin,"Presbyope","Adult")))} -> Adult | C5: {=LET(drive,XLOOKUP($A5,Patient_Input_Data!$B:$B,Patient_Input_Data!$I:$I,""),occ,XLOOKUP($A5,Patient_Input_Data!$B:$B,Patient_Input_Data!$G:$G,""),pri,XLOOKUP($A5,Patient_Input_Data!$B:$B,Patient_Input_Data!$AB:$AB,""),driveHigh,XLOOKUP("driving_hours_high",Calibration!$B:$B,Calibration!$C:$C),base,IF(OR(drive>=driveHigh,occ="Driver"),"High","Medium"),IF(pri="Comfort-first",IF(base="High","Medium","Low"),base))} -> Medium | D5: {=LET(np,XLOOKUP($A5,Patient_Input_Data!$B:$B,Patient_Input_Data!$AD:$AD,""),st,XLOOKUP($A5,Patient_Input_Data!$B:$B,Patient_Input_Data!$H:$H,""),rs,XLOOKUP($A5,Patient_Input_Data!$B:$B,Patient_Input_Data!$J:$J,""),screenHigh,XLOOKUP("screen_time_high",Calibration!$B:$B,Calibration!$C:$C),IF(np<>"",np,IF(OR(st>=screenHigh,rs="Blurred near"),"High","Medium")))} -> High | E5: =IFERROR(__xludf.DUMMYFUNCTION("LET(s,XLOOKUP($A5,Patient_Input_Data!$B:$B,Patient_Input_Data!$K:$K,""""),IF(OR(REGEXMATCH(s,""Sudden vision change""),REGEXMATCH(s,""Double vision"")),""High"",IF(OR(REGEXMATCH(s,""Glare/halos""),REGEXMATCH(s,""Night driving difficulty""),REGEXMATCH(s,"""&"Fluctuating vision"")),""Moderate"",""None"")))"),"None") -> None | F5: {=LET(di,(XLOOKUP($A5,Patient_Input_Data!$B:$B,Patient_Input_Data!$U:$U,"")="True"),surg,XLOOKUP($A5,Patient_Input_Data!$B:$B,Patient_Input_Data!$X:$X,"")<>"None",ker,(XLOOKUP($A5,Patient_Input_Data!$B:$B,Patient_Input_Data!$Y:$Y,"")="True"),amb,(XLOOKUP($A5,Patient_Input_Data!$B:$B,Patient_Input_Data!$Z:$Z,"")="True"),inf,(XLOOKUP($A5,Patient_Input_Data!$B:$B,Patient_Input_Data!$AA:$AA,"")="True"),IF(OR(ker,inf),"High",IF(OR(di,surg,amb),"Moderate","None")))} -> None | G5: {=LET(last,XLOOKUP($A5,Patient_Input_Data!$B:$B,Patient_Input_Data!$Q:$Q,""),fl,(XLOOKUP($A5,Patient_Input_Data!$B:$B,Patient_Input_Data!$T:$T,"")="True"),chg,(XLOOKUP($A5,Patient_Input_Data!$B:$B,Patient_Input_Data!$S:$S,"")="True"),di,(XLOOKUP($A5,Patient_Input_Data!$B:$B,Patient_Input_Data!$U:$U,"")="True"),uncertainMonths,XLOOKUP("last_eye_test_uncertain_months",Calibration!$B:$B,Calibration!$C:$C),IF(OR(fl,chg),"Unstable",IF(OR(di,last>uncertainMonths),"Uncertain","Stable")))} -> Stable | H5: {=LET( arS,XLOOKUP($A5,AR_Input!$A:$A,AR_Input!$B:$B,""), arC,XLOOKUP($A5,AR_Input!$A:$A,AR_Input!$C:$C,""), arA,XLOOKUP($A5,AR_Input!$A:$A,AR_Input!$D:$D,""), lnS,XLOOKUP($A5,Lenso_Input!$A:$A,Lenso_Input!$B:$B,""), lnC,XLOOKUP($A5,Lenso_Input!$A:$A,Lenso_Input!$C:$C,""), lnA,XLOOKUP($A5,Lenso_Input!$A:$A,Lenso_Input!$D:$D,""), hasAR,AND(arS<>"",arC<>"",arA<>""), hasLenso,AND(lnS<>"",lnC<>"",lnA<>""), sMed,XLOOKUP("mismatch_re_sph_medium",Calibration!$B:$B,Calibration!$C:$C), sLarge,XLOOKUP("mismatch_re_sph_large",Calibration!$B:$B,Calibration!$C:$C), cMed,XLOOKUP("mismatch_re_cyl_medium",Calibration!$B:$B,Calibration!$C:$C), cLarge,XLOOKUP("mismatch_re_cyl_large",Calibration!$B:$B,Calibration!$C:$C), aMed,XLOOKUP("mismatch_re_axis_medium",Calibration!$B:$B,Calibration!$C:$C), aLarge,XLOOKUP("mismatch_re_axis_large",Calibration!$B:$B,Calibration!$C:$C), IF( NOT(AND(hasAR,hasLenso)), "Small", LET( dS,ABS(VALUE(arS)-VALUE(lnS)), dC,ABS(VALUE(arC)-VALUE(lnC)), dA,MIN(ABS(VALUE(arA)-VALUE(lnA)),180-ABS(VALUE(arA)-VALUE(lnA))), IF(OR(dS>sLarge,dC>cLarge,dA>aLarge),"Large",IF(OR(dS>sMed,dC>cMed,dA>aMed),"Medium","Small")) ) ))} -> Small | I5: {=LET( arS,XLOOKUP($A5,AR_Input!$A:$A,AR_Input!$E:$E,""), arC,XLOOKUP($A5,AR_Input!$A:$A,AR_Input!$F:$F,""), arA,XLOOKUP($A5,AR_Input!$A:$A,AR_Input!$G:$G,""), lnS,XLOOKUP($A5,Lenso_Input!$A:$A,Lenso_Input!$F:$F,""), lnC,XLOOKUP($A5,Lenso_Input!$A:$A,Lenso_Input!$G:$G,""), lnA,XLOOKUP($A5,Lenso_Input!$A:$A,Lenso_Input!$H:$H,""), hasAR,AND(arS<>"",arC<>"",arA<>""), hasLenso,AND(lnS<>"",lnC<>"",lnA<>""), sMed,XLOOKUP("mismatch_le_sph_medium",Calibration!$B:$B,Calibration!$C:$C), sLarge,XLOOKUP("mismatch_le_sph_large",Calibration!$B:$B,Calibration!$C:$C), cMed,XLOOKUP("mismatch_le_cyl_medium",Calibration!$B:$B,Calibration!$C:$C), cLarge,XLOOKUP("mismatch_le_cyl_large",Calibration!$B:$B,Calibration!$C:$C), aMed,XLOOKUP("mismatch_le_axis_medium",Calibration!$B:$B,Calibration!$C:$C), aLarge,XLOOKUP("mismatch_le_axis_large",Calibration!$B:$B,Calibration!$C:$C), IF( NOT(AND(hasAR,hasLenso)), "Small", LET( dS,ABS(VALUE(arS)-VALUE(lnS)), dC,ABS(VALUE(arC)-VALUE(lnC)), dA,MIN(ABS(VALUE(arA)-VALUE(lnA)),180-ABS(VALUE(arA)-VALUE(lnA))), IF(OR(dS>sLarge,dC>cLarge,dA>aLarge),"Large",IF(OR(dS>sMed,dC>cMed,dA>aMed),"Medium","Small")) ) ))} -> Small | J5: {=LET(sat,XLOOKUP($A5,Patient_Input_Data!$B:$B,Patient_Input_Data!$O:$O,""),rs,XLOOKUP($A5,Patient_Input_Data!$B:$B,Patient_Input_Data!$J:$J,""),stab,$G5,misR,$H5,misL,$I5,startAR,XLOOKUP("start_policy_if_only_ar",Calibration!$B:$B,Calibration!$C:$C),startL,XLOOKUP("start_policy_if_only_lenso",Calibration!$B:$B,Calibration!$C:$C),startSat,XLOOKUP("start_policy_if_satisfied_small_mismatch",Calibration!$B:$B,Calibration!$C:$C),startUnsat,XLOOKUP("start_policy_if_unsatisfied_or_blur",Calibration!$B:$B,Calibration!$C:$C),startHybrid,XLOOKUP("start_policy_if_large_mismatch_or_unstable",Calibration!$B:$B,Calibration!$C:$C),arR,XLOOKUP($A5,AR_Input!$A:$A,AR_Input!$B:$B,""),arL,XLOOKUP($A5,AR_Input!$A:$A,AR_Input!$E:$E,""),lenR,XLOOKUP($A5,Lenso_Input!$A:$A,Lenso_Input!$B:$B,""),lenL,XLOOKUP($A5,Lenso_Input!$A:$A,Lenso_Input!$F:$F,""),hasAR,OR(arR<>"",arL<>""),hasLenso,OR(lenR<>"",lenL<>""),IF(AND(hasAR,NOT(hasLenso)),startAR,IF(AND(hasLenso,NOT(hasAR)),startL,IF(AND(sat="Satisfied",misR="Small",misL="Small"),startSat,IF(OR(sat="Not satisfied",rs="Blurred distance",rs="Blurred near"),startUnsat,IF(OR(misR="Large",misL="Large",stab="Unstable"),startHybrid,startAR))))))} -> Start_Lenso | K5: {=LET(ar,XLOOKUP($A5,AR_Input!$A:$A,AR_Input!$B:$B,""),ln,XLOOKUP($A5,Lenso_Input!$A:$A,Lenso_Input!$B:$B,""),pol,$J5,step,XLOOKUP("hybrid_rounding_step",Calibration!$B:$B,Calibration!$C:$C),IF(pol="Start_AR",ar,IF(pol="Start_Lenso",IF(ln<>"",ln,ar),IF(AND(ar<>"",ln<>""),ROUND(((ar+ln)/2)/step,0)*step,IF(ar<>"",ar,ln)))))} -> -3.5 | L5: {=LET(ar,XLOOKUP($A5,AR_Input!$A:$A,AR_Input!$C:$C,""),ln,XLOOKUP($A5,Lenso_Input!$A:$A,Lenso_Input!$C:$C,""),pol,$J5,step,XLOOKUP("hybrid_rounding_step",Calibration!$B:$B,Calibration!$C:$C),IF(pol="Start_AR",ar,IF(pol="Start_Lenso",IF(ln<>"",ln,ar),IF(AND(ar<>"",ln<>""),ROUND(((ar+ln)/2)/step,0)*step,IF(ar<>"",ar,ln)))))} -> -2 | M5: {=LET(ar,XLOOKUP($A5,AR_Input!$A:$A,AR_Input!$D:$D,""),ln,XLOOKUP($A5,Lenso_Input!$A:$A,Lenso_Input!$D:$D,""),pol,$J5,IF(pol="Start_AR",ar,IF(pol="Start_Lenso",IF(ln<>"",ln,ar),IF(ar<>"",ar,ln))))} -> 10 | N5: {=LET(ar,XLOOKUP($A5,AR_Input!$A:$A,AR_Input!$E:$E,""),ln,XLOOKUP($A5,Lenso_Input!$A:$A,Lenso_Input!$F:$F,""),pol,$J5,step,XLOOKUP("hybrid_rounding_step",Calibration!$B:$B,Calibration!$C:$C),IF(pol="Start_AR",ar,IF(pol="Start_Lenso",IF(ln<>"",ln,ar),IF(AND(ar<>"",ln<>""),ROUND(((ar+ln)/2)/step,0)*step,IF(ar<>"",ar,ln)))))} -> -3.25 | O5: {=LET(ar,XLOOKUP($A5,AR_Input!$A:$A,AR_Input!$F:$F,""),ln,XLOOKUP($A5,Lenso_Input!$A:$A,Lenso_Input!$G:$G,""),pol,$J5,step,XLOOKUP("hybrid_rounding_step",Calibration!$B:$B,Calibration!$C:$C),IF(pol="Start_AR",ar,IF(pol="Start_Lenso",IF(ln<>"",ln,ar),IF(AND(ar<>"",ln<>""),ROUND(((ar+ln)/2)/step,0)*step,IF(ar<>"",ar,ln)))))} -> -2 | P5: {=LET(ar,XLOOKUP($A5,AR_Input!$A:$A,AR_Input!$G:$G,""),ln,XLOOKUP($A5,Lenso_Input!$A:$A,Lenso_Input!$H:$H,""),pol,$J5,IF(pol="Start_AR",ar,IF(pol="Start_Lenso",IF(ln<>"",ln,ar),IF(ar<>"",ar,ln))))} -> 170 | Q5: {=LET(a,XLOOKUP($A5,Patient_Input_Data!$B:$B,Patient_Input_Data!$D:$D,""),wt,XLOOKUP($A5,Patient_Input_Data!$B:$B,Patient_Input_Data!$M:$M,""),addR,XLOOKUP($A5,Lenso_Input!$A:$A,Lenso_Input!$E:$E,""),addL,XLOOKUP($A5,Lenso_Input!$A:$A,Lenso_Input!$I:$I,""),near,D5,likelyAge,XLOOKUP("add_likely_min_age",Calibration!$B:$B,Calibration!$C:$C),possibleAge,XLOOKUP("add_possible_min_age",Calibration!$B:$B,Calibration!$C:$C),IF(OR(a>=likelyAge,wt="Progressive",wt="Bifocal",addR<>"",addL<>""),"Likely",IF(AND(a>=possibleAge,a<=likelyAge-1,near="High"),"Possible","None")))} -> None | R5: {=LET(dt,XLOOKUP($A5,Patient_Input_Data!$B:$B,Patient_Input_Data!$AC:$AC,""),sym,E5,med,F5,stab,G5,target66,XLOOKUP("default_distance_target",Calibration!$B:$B,Calibration!$C:$C),target69,XLOOKUP("high_risk_distance_target",Calibration!$B:$B,Calibration!$C:$C),IF(dt<>"",IF(OR(dt="Accept 6/9 if needed",dt="6/9 acceptable",dt="6/9_acceptable"),target69,target66),IF(OR(sym="High",med="High",stab="Unstable"),target69,target66)))} -> 6/6_target | S5: =IFERROR(__xludf.DUMMYFUNCTION("LET(pri,XLOOKUP($A5,Patient_Input_Data!$B:$B,Patient_Input_Data!$AB:$AB,""""),ageB,B5,near,D5,oc,XLOOKUP($A5,Patient_Input_Data!$B:$B,Patient_Input_Data!$G:$G,""""),sym,E5,s,XLOOKUP($A5,Patient_Input_Data!$B:$B,Patient_Input_Data!$K:$K,""""),IF(sym=""High"&""",""Neutral"",IF(AND(pri=""Comfort-first"",ageB=""Presbyope"",near=""High""),""Undercorrect"",IF(AND(oc=""Driver"",OR(REGEXMATCH(s,""Night driving difficulty""),REGEXMATCH(s,""Glare/halos""))),""Overcorrect"",""Neutral""))))"),"Neutral") -> Neutral | T5: =LET(stab,G5,med,F5,sym,E5,IF(OR(stab="Unstable",med="High",sym="High"),"Conservative",IF(AND(stab="Stable",med="None",sym="None"),"Aggressive","Standard"))) -> Aggressive | U5: {=IF(T5="Conservative",XLOOKUP("max_delta_start_conservative",Calibration!B:B,Calibration!C:C),IF(T5="Standard",XLOOKUP("max_delta_start_standard",Calibration!B:B,Calibration!C:C),XLOOKUP("max_delta_start_aggressive",Calibration!B:B,Calibration!C:C)))} -> 2.5 | V5: {=XLOOKUP("max_delta_ar_standard",Calibration!B:B,Calibration!C:C)} -> 3 | W5: {=IF(AB5="Strict", XLOOKUP("axis_tol_strict",Calibration!$B:$B,Calibration!$C:$C), IF(AB5="Normal", XLOOKUP("axis_tol_normal",Calibration!$B:$B,Calibration!$C:$C), XLOOKUP("axis_tol_relaxed",Calibration!$B:$B,Calibration!$C:$C)))} -> 5 | X5: {=IF(T5="Aggressive", XLOOKUP("cyl_tol_aggressive",Calibration!$B:$B,Calibration!$C:$C), XLOOKUP("cyl_tol_standard",Calibration!$B:$B,Calibration!$C:$C))} -> 0.5 | Y5: {=IF(OR(E5="High",F5="High",XLOOKUP($A5,Patient_Input_Data!$B:$B,Patient_Input_Data!$AA:$AA,"")="True"),TRUE,FALSE)} -> FALSE | Z5: =IF(OR(G5<>"Stable",J5="Hybrid",H5="Large",I5="Large"),TRUE,FALSE) -> FALSE | AA5: =IF(AND(B5="Adult",G5="Stable",E5="None",F5="None"),"Fast",IF(OR(B5="Presbyope",G5<>"Stable",E5="High",F5="High"),"Slow","Normal")) -> Fast | AB5: =IF(OR(E5="High",F5="High",G5="Unstable"),"Strict",IF(OR(E5="Moderate",F5="Moderate",G5="Uncertain"),"Normal","Relaxed")) -> Relaxed | AC5: =IF(OR(G5<>"Stable",E5="High",F5="High"),"High",IF(OR(E5="Moderate",F5="Moderate"),"Medium","Low")) -> Low | AD5: =IF(OR(B5="Presbyope",G5="Unstable",F5="High",E5="High"),"Strong_Fog",IF(AND(B5="Adult",G5="Stable",OR(F5="Moderate",E5="Moderate")),"Standard_Fog","No_Fog")) -> No_Fog | AE5: {=IF(AD5="Strong_Fog",XLOOKUP("strong_fog_amount",Calibration!B:B,Calibration!C:C),IF(AD5="Standard_Fog",XLOOKUP("standard_fog_amount",Calibration!B:B,Calibration!C:C),XLOOKUP("no_fog_amount",Calibration!B:B,Calibration!C:C)))} -> 0.25 | AF5: =IF(AND(AD5="Strong_Fog",R5="6/9_acceptable"),"Early_Stop_if_Risk",IF(AD5="Strong_Fog","StepDown_0.25","StepDown_0.50_then_0.25")) -> StepDown_0.50_then_0.25 | AG5: =IF(OR(G5="Unstable",E5="High"),"High",IF(OR(E5="Moderate",F5="Moderate"),"Medium","Low")) -> Low | AH5: =IF(OR(E5="High",F5="High",G5="Unstable"),"Fine","Normal") -> Normal | AI5: {=IF(AB5="Strict", XLOOKUP("duochrome_max_flips_strict",Calibration!$B:$B,Calibration!$C:$C), IF(AB5="Normal", XLOOKUP("duochrome_max_flips_normal",Calibration!$B:$B,Calibration!$C:$C), XLOOKUP("duochrome_max_flips_relaxed",Calibration!$B:$B,Calibration!$C:$C)))} -> 5 | AJ5: {=LET( nearPr,D5, addExp,Q5, ageB,B5, forceHighNear,XLOOKUP("allow_high_near_priority_to_force_near",Calibration!$B:$B,Calibration!$C:$C), allowPossible,XLOOKUP("trigger_near_if_dv_add_expected_possible",Calibration!$B:$B,Calibration!$C:$C), allowLikely,XLOOKUP("trigger_near_if_dv_add_expected_likely",Calibration!$B:$B,Calibration!$C:$C), IF( OR( AND(addExp="Likely",allowLikely=TRUE), AND(addExp="Possible",allowPossible=TRUE), AND(nearPr="High",forceHighNear=TRUE) ), TRUE, FALSE ))} -> TRUE
A6: 5 | B6: {=LET(age,XLOOKUP($A6,Patient_Input_Data!$B:$B,Patient_Input_Data!$D:$D,""),childMax,XLOOKUP("age_child_max",Calibration!$B:$B,Calibration!$C:$C),presMin,XLOOKUP("age_presbyope_min",Calibration!$B:$B,Calibration!$C:$C),IF(age<childMax,"Child",IF(age>=presMin,"Presbyope","Adult")))} -> Adult | C6: {=LET(drive,XLOOKUP($A6,Patient_Input_Data!$B:$B,Patient_Input_Data!$I:$I,""),occ,XLOOKUP($A6,Patient_Input_Data!$B:$B,Patient_Input_Data!$G:$G,""),pri,XLOOKUP($A6,Patient_Input_Data!$B:$B,Patient_Input_Data!$AB:$AB,""),driveHigh,XLOOKUP("driving_hours_high",Calibration!$B:$B,Calibration!$C:$C),base,IF(OR(drive>=driveHigh,occ="Driver"),"High","Medium"),IF(pri="Comfort-first",IF(base="High","Medium","Low"),base))} -> Low | D6: {=LET(np,XLOOKUP($A6,Patient_Input_Data!$B:$B,Patient_Input_Data!$AD:$AD,""),st,XLOOKUP($A6,Patient_Input_Data!$B:$B,Patient_Input_Data!$H:$H,""),rs,XLOOKUP($A6,Patient_Input_Data!$B:$B,Patient_Input_Data!$J:$J,""),screenHigh,XLOOKUP("screen_time_high",Calibration!$B:$B,Calibration!$C:$C),IF(np<>"",np,IF(OR(st>=screenHigh,rs="Blurred near"),"High","Medium")))} -> Low | E6: =IFERROR(__xludf.DUMMYFUNCTION("LET(s,XLOOKUP($A6,Patient_Input_Data!$B:$B,Patient_Input_Data!$K:$K,""""),IF(OR(REGEXMATCH(s,""Sudden vision change""),REGEXMATCH(s,""Double vision"")),""High"",IF(OR(REGEXMATCH(s,""Glare/halos""),REGEXMATCH(s,""Night driving difficulty""),REGEXMATCH(s,"""&"Fluctuating vision"")),""Moderate"",""None"")))"),"None") -> None | F6: {=LET(di,(XLOOKUP($A6,Patient_Input_Data!$B:$B,Patient_Input_Data!$U:$U,"")="True"),surg,XLOOKUP($A6,Patient_Input_Data!$B:$B,Patient_Input_Data!$X:$X,"")<>"None",ker,(XLOOKUP($A6,Patient_Input_Data!$B:$B,Patient_Input_Data!$Y:$Y,"")="True"),amb,(XLOOKUP($A6,Patient_Input_Data!$B:$B,Patient_Input_Data!$Z:$Z,"")="True"),inf,(XLOOKUP($A6,Patient_Input_Data!$B:$B,Patient_Input_Data!$AA:$AA,"")="True"),IF(OR(ker,inf),"High",IF(OR(di,surg,amb),"Moderate","None")))} -> None | G6: {=LET(last,XLOOKUP($A6,Patient_Input_Data!$B:$B,Patient_Input_Data!$Q:$Q,""),fl,(XLOOKUP($A6,Patient_Input_Data!$B:$B,Patient_Input_Data!$T:$T,"")="True"),chg,(XLOOKUP($A6,Patient_Input_Data!$B:$B,Patient_Input_Data!$S:$S,"")="True"),di,(XLOOKUP($A6,Patient_Input_Data!$B:$B,Patient_Input_Data!$U:$U,"")="True"),uncertainMonths,XLOOKUP("last_eye_test_uncertain_months",Calibration!$B:$B,Calibration!$C:$C),IF(OR(fl,chg),"Unstable",IF(OR(di,last>uncertainMonths),"Uncertain","Stable")))} -> Stable | H6: {=LET( arS,XLOOKUP($A6,AR_Input!$A:$A,AR_Input!$B:$B,""), arC,XLOOKUP($A6,AR_Input!$A:$A,AR_Input!$C:$C,""), arA,XLOOKUP($A6,AR_Input!$A:$A,AR_Input!$D:$D,""), lnS,XLOOKUP($A6,Lenso_Input!$A:$A,Lenso_Input!$B:$B,""), lnC,XLOOKUP($A6,Lenso_Input!$A:$A,Lenso_Input!$C:$C,""), lnA,XLOOKUP($A6,Lenso_Input!$A:$A,Lenso_Input!$D:$D,""), hasAR,AND(arS<>"",arC<>"",arA<>""), hasLenso,AND(lnS<>"",lnC<>"",lnA<>""), sMed,XLOOKUP("mismatch_re_sph_medium",Calibration!$B:$B,Calibration!$C:$C), sLarge,XLOOKUP("mismatch_re_sph_large",Calibration!$B:$B,Calibration!$C:$C), cMed,XLOOKUP("mismatch_re_cyl_medium",Calibration!$B:$B,Calibration!$C:$C), cLarge,XLOOKUP("mismatch_re_cyl_large",Calibration!$B:$B,Calibration!$C:$C), aMed,XLOOKUP("mismatch_re_axis_medium",Calibration!$B:$B,Calibration!$C:$C), aLarge,XLOOKUP("mismatch_re_axis_large",Calibration!$B:$B,Calibration!$C:$C), IF( NOT(AND(hasAR,hasLenso)), "Small", LET( dS,ABS(VALUE(arS)-VALUE(lnS)), dC,ABS(VALUE(arC)-VALUE(lnC)), dA,MIN(ABS(VALUE(arA)-VALUE(lnA)),180-ABS(VALUE(arA)-VALUE(lnA))), IF(OR(dS>sLarge,dC>cLarge,dA>aLarge),"Large",IF(OR(dS>sMed,dC>cMed,dA>aMed),"Medium","Small")) ) ))} -> Small | I6: {=LET( arS,XLOOKUP($A6,AR_Input!$A:$A,AR_Input!$E:$E,""), arC,XLOOKUP($A6,AR_Input!$A:$A,AR_Input!$F:$F,""), arA,XLOOKUP($A6,AR_Input!$A:$A,AR_Input!$G:$G,""), lnS,XLOOKUP($A6,Lenso_Input!$A:$A,Lenso_Input!$F:$F,""), lnC,XLOOKUP($A6,Lenso_Input!$A:$A,Lenso_Input!$G:$G,""), lnA,XLOOKUP($A6,Lenso_Input!$A:$A,Lenso_Input!$H:$H,""), hasAR,AND(arS<>"",arC<>"",arA<>""), hasLenso,AND(lnS<>"",lnC<>"",lnA<>""), sMed,XLOOKUP("mismatch_le_sph_medium",Calibration!$B:$B,Calibration!$C:$C), sLarge,XLOOKUP("mismatch_le_sph_large",Calibration!$B:$B,Calibration!$C:$C), cMed,XLOOKUP("mismatch_le_cyl_medium",Calibration!$B:$B,Calibration!$C:$C), cLarge,XLOOKUP("mismatch_le_cyl_large",Calibration!$B:$B,Calibration!$C:$C), aMed,XLOOKUP("mismatch_le_axis_medium",Calibration!$B:$B,Calibration!$C:$C), aLarge,XLOOKUP("mismatch_le_axis_large",Calibration!$B:$B,Calibration!$C:$C), IF( NOT(AND(hasAR,hasLenso)), "Small", LET( dS,ABS(VALUE(arS)-VALUE(lnS)), dC,ABS(VALUE(arC)-VALUE(lnC)), dA,MIN(ABS(VALUE(arA)-VALUE(lnA)),180-ABS(VALUE(arA)-VALUE(lnA))), IF(OR(dS>sLarge,dC>cLarge,dA>aLarge),"Large",IF(OR(dS>sMed,dC>cMed,dA>aMed),"Medium","Small")) ) ))} -> Small | J6: {=LET(sat,XLOOKUP($A6,Patient_Input_Data!$B:$B,Patient_Input_Data!$O:$O,""),rs,XLOOKUP($A6,Patient_Input_Data!$B:$B,Patient_Input_Data!$J:$J,""),stab,$G6,misR,$H6,misL,$I6,startAR,XLOOKUP("start_policy_if_only_ar",Calibration!$B:$B,Calibration!$C:$C),startL,XLOOKUP("start_policy_if_only_lenso",Calibration!$B:$B,Calibration!$C:$C),startSat,XLOOKUP("start_policy_if_satisfied_small_mismatch",Calibration!$B:$B,Calibration!$C:$C),startUnsat,XLOOKUP("start_policy_if_unsatisfied_or_blur",Calibration!$B:$B,Calibration!$C:$C),startHybrid,XLOOKUP("start_policy_if_large_mismatch_or_unstable",Calibration!$B:$B,Calibration!$C:$C),arR,XLOOKUP($A6,AR_Input!$A:$A,AR_Input!$B:$B,""),arL,XLOOKUP($A6,AR_Input!$A:$A,AR_Input!$E:$E,""),lenR,XLOOKUP($A6,Lenso_Input!$A:$A,Lenso_Input!$B:$B,""),lenL,XLOOKUP($A6,Lenso_Input!$A:$A,Lenso_Input!$F:$F,""),hasAR,OR(arR<>"",arL<>""),hasLenso,OR(lenR<>"",lenL<>""),IF(AND(hasAR,NOT(hasLenso)),startAR,IF(AND(hasLenso,NOT(hasAR)),startL,IF(AND(sat="Satisfied",misR="Small",misL="Small"),startSat,IF(OR(sat="Not satisfied",rs="Blurred distance",rs="Blurred near"),startUnsat,IF(OR(misR="Large",misL="Large",stab="Unstable"),startHybrid,startAR))))))} -> Start_AR | K6: {=LET(ar,XLOOKUP($A6,AR_Input!$A:$A,AR_Input!$B:$B,""),ln,XLOOKUP($A6,Lenso_Input!$A:$A,Lenso_Input!$B:$B,""),pol,$J6,step,XLOOKUP("hybrid_rounding_step",Calibration!$B:$B,Calibration!$C:$C),IF(pol="Start_AR",ar,IF(pol="Start_Lenso",IF(ln<>"",ln,ar),IF(AND(ar<>"",ln<>""),ROUND(((ar+ln)/2)/step,0)*step,IF(ar<>"",ar,ln)))))} -> -2.75 | L6: {=LET(ar,XLOOKUP($A6,AR_Input!$A:$A,AR_Input!$C:$C,""),ln,XLOOKUP($A6,Lenso_Input!$A:$A,Lenso_Input!$C:$C,""),pol,$J6,step,XLOOKUP("hybrid_rounding_step",Calibration!$B:$B,Calibration!$C:$C),IF(pol="Start_AR",ar,IF(pol="Start_Lenso",IF(ln<>"",ln,ar),IF(AND(ar<>"",ln<>""),ROUND(((ar+ln)/2)/step,0)*step,IF(ar<>"",ar,ln)))))} -> -0.75 | M6: {=LET(ar,XLOOKUP($A6,AR_Input!$A:$A,AR_Input!$D:$D,""),ln,XLOOKUP($A6,Lenso_Input!$A:$A,Lenso_Input!$D:$D,""),pol,$J6,IF(pol="Start_AR",ar,IF(pol="Start_Lenso",IF(ln<>"",ln,ar),IF(ar<>"",ar,ln))))} | N6: {=LET(ar,XLOOKUP($A6,AR_Input!$A:$A,AR_Input!$E:$E,""),ln,XLOOKUP($A6,Lenso_Input!$A:$A,Lenso_Input!$F:$F,""),pol,$J6,step,XLOOKUP("hybrid_rounding_step",Calibration!$B:$B,Calibration!$C:$C),IF(pol="Start_AR",ar,IF(pol="Start_Lenso",IF(ln<>"",ln,ar),IF(AND(ar<>"",ln<>""),ROUND(((ar+ln)/2)/step,0)*step,IF(ar<>"",ar,ln)))))} -> -3 | O6: {=LET(ar,XLOOKUP($A6,AR_Input!$A:$A,AR_Input!$F:$F,""),ln,XLOOKUP($A6,Lenso_Input!$A:$A,Lenso_Input!$G:$G,""),pol,$J6,step,XLOOKUP("hybrid_rounding_step",Calibration!$B:$B,Calibration!$C:$C),IF(pol="Start_AR",ar,IF(pol="Start_Lenso",IF(ln<>"",ln,ar),IF(AND(ar<>"",ln<>""),ROUND(((ar+ln)/2)/step,0)*step,IF(ar<>"",ar,ln)))))} -> -0.5 | P6: {=LET(ar,XLOOKUP($A6,AR_Input!$A:$A,AR_Input!$G:$G,""),ln,XLOOKUP($A6,Lenso_Input!$A:$A,Lenso_Input!$H:$H,""),pol,$J6,IF(pol="Start_AR",ar,IF(pol="Start_Lenso",IF(ln<>"",ln,ar),IF(ar<>"",ar,ln))))} | Q6: {=LET(a,XLOOKUP($A6,Patient_Input_Data!$B:$B,Patient_Input_Data!$D:$D,""),wt,XLOOKUP($A6,Patient_Input_Data!$B:$B,Patient_Input_Data!$M:$M,""),addR,XLOOKUP($A6,Lenso_Input!$A:$A,Lenso_Input!$E:$E,""),addL,XLOOKUP($A6,Lenso_Input!$A:$A,Lenso_Input!$I:$I,""),near,D6,likelyAge,XLOOKUP("add_likely_min_age",Calibration!$B:$B,Calibration!$C:$C),possibleAge,XLOOKUP("add_possible_min_age",Calibration!$B:$B,Calibration!$C:$C),IF(OR(a>=likelyAge,wt="Progressive",wt="Bifocal",addR<>"",addL<>""),"Likely",IF(AND(a>=possibleAge,a<=likelyAge-1,near="High"),"Possible","None")))} -> None | R6: {=LET(dt,XLOOKUP($A6,Patient_Input_Data!$B:$B,Patient_Input_Data!$AC:$AC,""),sym,E6,med,F6,stab,G6,target66,XLOOKUP("default_distance_target",Calibration!$B:$B,Calibration!$C:$C),target69,XLOOKUP("high_risk_distance_target",Calibration!$B:$B,Calibration!$C:$C),IF(dt<>"",IF(OR(dt="Accept 6/9 if needed",dt="6/9 acceptable",dt="6/9_acceptable"),target69,target66),IF(OR(sym="High",med="High",stab="Unstable"),target69,target66)))} -> 6/6_target | S6: =IFERROR(__xludf.DUMMYFUNCTION("LET(pri,XLOOKUP($A6,Patient_Input_Data!$B:$B,Patient_Input_Data!$AB:$AB,""""),ageB,B6,near,D6,oc,XLOOKUP($A6,Patient_Input_Data!$B:$B,Patient_Input_Data!$G:$G,""""),sym,E6,s,XLOOKUP($A6,Patient_Input_Data!$B:$B,Patient_Input_Data!$K:$K,""""),IF(sym=""High"&""",""Neutral"",IF(AND(pri=""Comfort-first"",ageB=""Presbyope"",near=""High""),""Undercorrect"",IF(AND(oc=""Driver"",OR(REGEXMATCH(s,""Night driving difficulty""),REGEXMATCH(s,""Glare/halos""))),""Overcorrect"",""Neutral""))))"),"Neutral") -> Neutral | T6: =LET(stab,G6,med,F6,sym,E6,IF(OR(stab="Unstable",med="High",sym="High"),"Conservative",IF(AND(stab="Stable",med="None",sym="None"),"Aggressive","Standard"))) -> Aggressive | U6: {=IF(T6="Conservative",XLOOKUP("max_delta_start_conservative",Calibration!B:B,Calibration!C:C),IF(T6="Standard",XLOOKUP("max_delta_start_standard",Calibration!B:B,Calibration!C:C),XLOOKUP("max_delta_start_aggressive",Calibration!B:B,Calibration!C:C)))} -> 2.5 | V6: {=XLOOKUP("max_delta_ar_standard",Calibration!B:B,Calibration!C:C)} -> 3 | W6: {=IF(AB6="Strict", XLOOKUP("axis_tol_strict",Calibration!$B:$B,Calibration!$C:$C), IF(AB6="Normal", XLOOKUP("axis_tol_normal",Calibration!$B:$B,Calibration!$C:$C), XLOOKUP("axis_tol_relaxed",Calibration!$B:$B,Calibration!$C:$C)))} -> 5 | X6: {=IF(T6="Aggressive", XLOOKUP("cyl_tol_aggressive",Calibration!$B:$B,Calibration!$C:$C), XLOOKUP("cyl_tol_standard",Calibration!$B:$B,Calibration!$C:$C))} -> 0.5 | Y6: {=IF(OR(E6="High",F6="High",XLOOKUP($A6,Patient_Input_Data!$B:$B,Patient_Input_Data!$AA:$AA,"")="True"),TRUE,FALSE)} -> FALSE | Z6: =IF(OR(G6<>"Stable",J6="Hybrid",H6="Large",I6="Large"),TRUE,FALSE) -> FALSE | AA6: =IF(AND(B6="Adult",G6="Stable",E6="None",F6="None"),"Fast",IF(OR(B6="Presbyope",G6<>"Stable",E6="High",F6="High"),"Slow","Normal")) -> Fast | AB6: =IF(OR(E6="High",F6="High",G6="Unstable"),"Strict",IF(OR(E6="Moderate",F6="Moderate",G6="Uncertain"),"Normal","Relaxed")) -> Relaxed | AC6: =IF(OR(G6<>"Stable",E6="High",F6="High"),"High",IF(OR(E6="Moderate",F6="Moderate"),"Medium","Low")) -> Low | AD6: =IF(OR(B6="Presbyope",G6="Unstable",F6="High",E6="High"),"Strong_Fog",IF(AND(B6="Adult",G6="Stable",OR(F6="Moderate",E6="Moderate")),"Standard_Fog","No_Fog")) -> No_Fog | AE6: {=IF(AD6="Strong_Fog",XLOOKUP("strong_fog_amount",Calibration!B:B,Calibration!C:C),IF(AD6="Standard_Fog",XLOOKUP("standard_fog_amount",Calibration!B:B,Calibration!C:C),XLOOKUP("no_fog_amount",Calibration!B:B,Calibration!C:C)))} -> 0.25 | AF6: =IF(AND(AD6="Strong_Fog",R6="6/9_acceptable"),"Early_Stop_if_Risk",IF(AD6="Strong_Fog","StepDown_0.25","StepDown_0.50_then_0.25")) -> StepDown_0.50_then_0.25 | AG6: =IF(OR(G6="Unstable",E6="High"),"High",IF(OR(E6="Moderate",F6="Moderate"),"Medium","Low")) -> Low | AH6: =IF(OR(E6="High",F6="High",G6="Unstable"),"Fine","Normal") -> Normal | AI6: {=IF(AB6="Strict", XLOOKUP("duochrome_max_flips_strict",Calibration!$B:$B,Calibration!$C:$C), IF(AB6="Normal", XLOOKUP("duochrome_max_flips_normal",Calibration!$B:$B,Calibration!$C:$C), XLOOKUP("duochrome_max_flips_relaxed",Calibration!$B:$B,Calibration!$C:$C)))} -> 5 | AJ6: {=LET( nearPr,D6, addExp,Q6, ageB,B6, forceHighNear,XLOOKUP("allow_high_near_priority_to_force_near",Calibration!$B:$B,Calibration!$C:$C), allowPossible,XLOOKUP("trigger_near_if_dv_add_expected_possible",Calibration!$B:$B,Calibration!$C:$C), allowLikely,XLOOKUP("trigger_near_if_dv_add_expected_likely",Calibration!$B:$B,Calibration!$C:$C), IF( OR( AND(addExp="Likely",allowLikely=TRUE), AND(addExp="Possible",allowPossible=TRUE), AND(nearPr="High",forceHighNear=TRUE) ), TRUE, FALSE ))} -> FALSE
A7: 6 | B7: {=LET(age,XLOOKUP($A7,Patient_Input_Data!$B:$B,Patient_Input_Data!$D:$D,""),childMax,XLOOKUP("age_child_max",Calibration!$B:$B,Calibration!$C:$C),presMin,XLOOKUP("age_presbyope_min",Calibration!$B:$B,Calibration!$C:$C),IF(age<childMax,"Child",IF(age>=presMin,"Presbyope","Adult")))} -> Presbyope | C7: {=LET(drive,XLOOKUP($A7,Patient_Input_Data!$B:$B,Patient_Input_Data!$I:$I,""),occ,XLOOKUP($A7,Patient_Input_Data!$B:$B,Patient_Input_Data!$G:$G,""),pri,XLOOKUP($A7,Patient_Input_Data!$B:$B,Patient_Input_Data!$AB:$AB,""),driveHigh,XLOOKUP("driving_hours_high",Calibration!$B:$B,Calibration!$C:$C),base,IF(OR(drive>=driveHigh,occ="Driver"),"High","Medium"),IF(pri="Comfort-first",IF(base="High","Medium","Low"),base))} -> Low | D7: {=LET(np,XLOOKUP($A7,Patient_Input_Data!$B:$B,Patient_Input_Data!$AD:$AD,""),st,XLOOKUP($A7,Patient_Input_Data!$B:$B,Patient_Input_Data!$H:$H,""),rs,XLOOKUP($A7,Patient_Input_Data!$B:$B,Patient_Input_Data!$J:$J,""),screenHigh,XLOOKUP("screen_time_high",Calibration!$B:$B,Calibration!$C:$C),IF(np<>"",np,IF(OR(st>=screenHigh,rs="Blurred near"),"High","Medium")))} -> High | E7: =IFERROR(__xludf.DUMMYFUNCTION("LET(s,XLOOKUP($A7,Patient_Input_Data!$B:$B,Patient_Input_Data!$K:$K,""""),IF(OR(REGEXMATCH(s,""Sudden vision change""),REGEXMATCH(s,""Double vision"")),""High"",IF(OR(REGEXMATCH(s,""Glare/halos""),REGEXMATCH(s,""Night driving difficulty""),REGEXMATCH(s,"""&"Fluctuating vision"")),""Moderate"",""None"")))"),"None") -> None | F7: {=LET(di,(XLOOKUP($A7,Patient_Input_Data!$B:$B,Patient_Input_Data!$U:$U,"")="True"),surg,XLOOKUP($A7,Patient_Input_Data!$B:$B,Patient_Input_Data!$X:$X,"")<>"None",ker,(XLOOKUP($A7,Patient_Input_Data!$B:$B,Patient_Input_Data!$Y:$Y,"")="True"),amb,(XLOOKUP($A7,Patient_Input_Data!$B:$B,Patient_Input_Data!$Z:$Z,"")="True"),inf,(XLOOKUP($A7,Patient_Input_Data!$B:$B,Patient_Input_Data!$AA:$AA,"")="True"),IF(OR(ker,inf),"High",IF(OR(di,surg,amb),"Moderate","None")))} -> None | G7: {=LET(last,XLOOKUP($A7,Patient_Input_Data!$B:$B,Patient_Input_Data!$Q:$Q,""),fl,(XLOOKUP($A7,Patient_Input_Data!$B:$B,Patient_Input_Data!$T:$T,"")="True"),chg,(XLOOKUP($A7,Patient_Input_Data!$B:$B,Patient_Input_Data!$S:$S,"")="True"),di,(XLOOKUP($A7,Patient_Input_Data!$B:$B,Patient_Input_Data!$U:$U,"")="True"),uncertainMonths,XLOOKUP("last_eye_test_uncertain_months",Calibration!$B:$B,Calibration!$C:$C),IF(OR(fl,chg),"Unstable",IF(OR(di,last>uncertainMonths),"Uncertain","Stable")))} -> Stable | H7: {=LET( arS,XLOOKUP($A7,AR_Input!$A:$A,AR_Input!$B:$B,""), arC,XLOOKUP($A7,AR_Input!$A:$A,AR_Input!$C:$C,""), arA,XLOOKUP($A7,AR_Input!$A:$A,AR_Input!$D:$D,""), lnS,XLOOKUP($A7,Lenso_Input!$A:$A,Lenso_Input!$B:$B,""), lnC,XLOOKUP($A7,Lenso_Input!$A:$A,Lenso_Input!$C:$C,""), lnA,XLOOKUP($A7,Lenso_Input!$A:$A,Lenso_Input!$D:$D,""), hasAR,AND(arS<>"",arC<>"",arA<>""), hasLenso,AND(lnS<>"",lnC<>"",lnA<>""), sMed,XLOOKUP("mismatch_re_sph_medium",Calibration!$B:$B,Calibration!$C:$C), sLarge,XLOOKUP("mismatch_re_sph_large",Calibration!$B:$B,Calibration!$C:$C), cMed,XLOOKUP("mismatch_re_cyl_medium",Calibration!$B:$B,Calibration!$C:$C), cLarge,XLOOKUP("mismatch_re_cyl_large",Calibration!$B:$B,Calibration!$C:$C), aMed,XLOOKUP("mismatch_re_axis_medium",Calibration!$B:$B,Calibration!$C:$C), aLarge,XLOOKUP("mismatch_re_axis_large",Calibration!$B:$B,Calibration!$C:$C), IF( NOT(AND(hasAR,hasLenso)), "Small", LET( dS,ABS(VALUE(arS)-VALUE(lnS)), dC,ABS(VALUE(arC)-VALUE(lnC)), dA,MIN(ABS(VALUE(arA)-VALUE(lnA)),180-ABS(VALUE(arA)-VALUE(lnA))), IF(OR(dS>sLarge,dC>cLarge,dA>aLarge),"Large",IF(OR(dS>sMed,dC>cMed,dA>aMed),"Medium","Small")) ) ))} -> Small | I7: {=LET( arS,XLOOKUP($A7,AR_Input!$A:$A,AR_Input!$E:$E,""), arC,XLOOKUP($A7,AR_Input!$A:$A,AR_Input!$F:$F,""), arA,XLOOKUP($A7,AR_Input!$A:$A,AR_Input!$G:$G,""), lnS,XLOOKUP($A7,Lenso_Input!$A:$A,Lenso_Input!$F:$F,""), lnC,XLOOKUP($A7,Lenso_Input!$A:$A,Lenso_Input!$G:$G,""), lnA,XLOOKUP($A7,Lenso_Input!$A:$A,Lenso_Input!$H:$H,""), hasAR,AND(arS<>"",arC<>"",arA<>""), hasLenso,AND(lnS<>"",lnC<>"",lnA<>""), sMed,XLOOKUP("mismatch_le_sph_medium",Calibration!$B:$B,Calibration!$C:$C), sLarge,XLOOKUP("mismatch_le_sph_large",Calibration!$B:$B,Calibration!$C:$C), cMed,XLOOKUP("mismatch_le_cyl_medium",Calibration!$B:$B,Calibration!$C:$C), cLarge,XLOOKUP("mismatch_le_cyl_large",Calibration!$B:$B,Calibration!$C:$C), aMed,XLOOKUP("mismatch_le_axis_medium",Calibration!$B:$B,Calibration!$C:$C), aLarge,XLOOKUP("mismatch_le_axis_large",Calibration!$B:$B,Calibration!$C:$C), IF( NOT(AND(hasAR,hasLenso)), "Small", LET( dS,ABS(VALUE(arS)-VALUE(lnS)), dC,ABS(VALUE(arC)-VALUE(lnC)), dA,MIN(ABS(VALUE(arA)-VALUE(lnA)),180-ABS(VALUE(arA)-VALUE(lnA))), IF(OR(dS>sLarge,dC>cLarge,dA>aLarge),"Large",IF(OR(dS>sMed,dC>cMed,dA>aMed),"Medium","Small")) ) ))} -> Small | J7: {=LET(sat,XLOOKUP($A7,Patient_Input_Data!$B:$B,Patient_Input_Data!$O:$O,""),rs,XLOOKUP($A7,Patient_Input_Data!$B:$B,Patient_Input_Data!$J:$J,""),stab,$G7,misR,$H7,misL,$I7,startAR,XLOOKUP("start_policy_if_only_ar",Calibration!$B:$B,Calibration!$C:$C),startL,XLOOKUP("start_policy_if_only_lenso",Calibration!$B:$B,Calibration!$C:$C),startSat,XLOOKUP("start_policy_if_satisfied_small_mismatch",Calibration!$B:$B,Calibration!$C:$C),startUnsat,XLOOKUP("start_policy_if_unsatisfied_or_blur",Calibration!$B:$B,Calibration!$C:$C),startHybrid,XLOOKUP("start_policy_if_large_mismatch_or_unstable",Calibration!$B:$B,Calibration!$C:$C),arR,XLOOKUP($A7,AR_Input!$A:$A,AR_Input!$B:$B,""),arL,XLOOKUP($A7,AR_Input!$A:$A,AR_Input!$E:$E,""),lenR,XLOOKUP($A7,Lenso_Input!$A:$A,Lenso_Input!$B:$B,""),lenL,XLOOKUP($A7,Lenso_Input!$A:$A,Lenso_Input!$F:$F,""),hasAR,OR(arR<>"",arL<>""),hasLenso,OR(lenR<>"",lenL<>""),IF(AND(hasAR,NOT(hasLenso)),startAR,IF(AND(hasLenso,NOT(hasAR)),startL,IF(AND(sat="Satisfied",misR="Small",misL="Small"),startSat,IF(OR(sat="Not satisfied",rs="Blurred distance",rs="Blurred near"),startUnsat,IF(OR(misR="Large",misL="Large",stab="Unstable"),startHybrid,startAR))))))} -> Start_AR | K7: {=LET(ar,XLOOKUP($A7,AR_Input!$A:$A,AR_Input!$B:$B,""),ln,XLOOKUP($A7,Lenso_Input!$A:$A,Lenso_Input!$B:$B,""),pol,$J7,step,XLOOKUP("hybrid_rounding_step",Calibration!$B:$B,Calibration!$C:$C),IF(pol="Start_AR",ar,IF(pol="Start_Lenso",IF(ln<>"",ln,ar),IF(AND(ar<>"",ln<>""),ROUND(((ar+ln)/2)/step,0)*step,IF(ar<>"",ar,ln)))))} -> -1.5 | L7: {=LET(ar,XLOOKUP($A7,AR_Input!$A:$A,AR_Input!$C:$C,""),ln,XLOOKUP($A7,Lenso_Input!$A:$A,Lenso_Input!$C:$C,""),pol,$J7,step,XLOOKUP("hybrid_rounding_step",Calibration!$B:$B,Calibration!$C:$C),IF(pol="Start_AR",ar,IF(pol="Start_Lenso",IF(ln<>"",ln,ar),IF(AND(ar<>"",ln<>""),ROUND(((ar+ln)/2)/step,0)*step,IF(ar<>"",ar,ln)))))} -> -0.5 | M7: {=LET(ar,XLOOKUP($A7,AR_Input!$A:$A,AR_Input!$D:$D,""),ln,XLOOKUP($A7,Lenso_Input!$A:$A,Lenso_Input!$D:$D,""),pol,$J7,IF(pol="Start_AR",ar,IF(pol="Start_Lenso",IF(ln<>"",ln,ar),IF(ar<>"",ar,ln))))} | N7: {=LET(ar,XLOOKUP($A7,AR_Input!$A:$A,AR_Input!$E:$E,""),ln,XLOOKUP($A7,Lenso_Input!$A:$A,Lenso_Input!$F:$F,""),pol,$J7,step,XLOOKUP("hybrid_rounding_step",Calibration!$B:$B,Calibration!$C:$C),IF(pol="Start_AR",ar,IF(pol="Start_Lenso",IF(ln<>"",ln,ar),IF(AND(ar<>"",ln<>""),ROUND(((ar+ln)/2)/step,0)*step,IF(ar<>"",ar,ln)))))} -> -1 | O7: {=LET(ar,XLOOKUP($A7,AR_Input!$A:$A,AR_Input!$F:$F,""),ln,XLOOKUP($A7,Lenso_Input!$A:$A,Lenso_Input!$G:$G,""),pol,$J7,step,XLOOKUP("hybrid_rounding_step",Calibration!$B:$B,Calibration!$C:$C),IF(pol="Start_AR",ar,IF(pol="Start_Lenso",IF(ln<>"",ln,ar),IF(AND(ar<>"",ln<>""),ROUND(((ar+ln)/2)/step,0)*step,IF(ar<>"",ar,ln)))))} -> 0 | P7: {=LET(ar,XLOOKUP($A7,AR_Input!$A:$A,AR_Input!$G:$G,""),ln,XLOOKUP($A7,Lenso_Input!$A:$A,Lenso_Input!$H:$H,""),pol,$J7,IF(pol="Start_AR",ar,IF(pol="Start_Lenso",IF(ln<>"",ln,ar),IF(ar<>"",ar,ln))))} -> 0 | Q7: {=LET(a,XLOOKUP($A7,Patient_Input_Data!$B:$B,Patient_Input_Data!$D:$D,""),wt,XLOOKUP($A7,Patient_Input_Data!$B:$B,Patient_Input_Data!$M:$M,""),addR,XLOOKUP($A7,Lenso_Input!$A:$A,Lenso_Input!$E:$E,""),addL,XLOOKUP($A7,Lenso_Input!$A:$A,Lenso_Input!$I:$I,""),near,D7,likelyAge,XLOOKUP("add_likely_min_age",Calibration!$B:$B,Calibration!$C:$C),possibleAge,XLOOKUP("add_possible_min_age",Calibration!$B:$B,Calibration!$C:$C),IF(OR(a>=likelyAge,wt="Progressive",wt="Bifocal",addR<>"",addL<>""),"Likely",IF(AND(a>=possibleAge,a<=likelyAge-1,near="High"),"Possible","None")))} -> Likely | R7: {=LET(dt,XLOOKUP($A7,Patient_Input_Data!$B:$B,Patient_Input_Data!$AC:$AC,""),sym,E7,med,F7,stab,G7,target66,XLOOKUP("default_distance_target",Calibration!$B:$B,Calibration!$C:$C),target69,XLOOKUP("high_risk_distance_target",Calibration!$B:$B,Calibration!$C:$C),IF(dt<>"",IF(OR(dt="Accept 6/9 if needed",dt="6/9 acceptable",dt="6/9_acceptable"),target69,target66),IF(OR(sym="High",med="High",stab="Unstable"),target69,target66)))} -> 6/6_target | S7: =IFERROR(__xludf.DUMMYFUNCTION("LET(pri,XLOOKUP($A7,Patient_Input_Data!$B:$B,Patient_Input_Data!$AB:$AB,""""),ageB,B7,near,D7,oc,XLOOKUP($A7,Patient_Input_Data!$B:$B,Patient_Input_Data!$G:$G,""""),sym,E7,s,XLOOKUP($A7,Patient_Input_Data!$B:$B,Patient_Input_Data!$K:$K,""""),IF(sym=""High"&""",""Neutral"",IF(AND(pri=""Comfort-first"",ageB=""Presbyope"",near=""High""),""Undercorrect"",IF(AND(oc=""Driver"",OR(REGEXMATCH(s,""Night driving difficulty""),REGEXMATCH(s,""Glare/halos""))),""Overcorrect"",""Neutral""))))"),"Undercorrect") -> Undercorrect | T7: =LET(stab,G7,med,F7,sym,E7,IF(OR(stab="Unstable",med="High",sym="High"),"Conservative",IF(AND(stab="Stable",med="None",sym="None"),"Aggressive","Standard"))) -> Aggressive | U7: {=IF(T7="Conservative",XLOOKUP("max_delta_start_conservative",Calibration!B:B,Calibration!C:C),IF(T7="Standard",XLOOKUP("max_delta_start_standard",Calibration!B:B,Calibration!C:C),XLOOKUP("max_delta_start_aggressive",Calibration!B:B,Calibration!C:C)))} -> 2.5 | V7: {=XLOOKUP("max_delta_ar_standard",Calibration!B:B,Calibration!C:C)} -> 3 | W7: {=IF(AB7="Strict", XLOOKUP("axis_tol_strict",Calibration!$B:$B,Calibration!$C:$C), IF(AB7="Normal", XLOOKUP("axis_tol_normal",Calibration!$B:$B,Calibration!$C:$C), XLOOKUP("axis_tol_relaxed",Calibration!$B:$B,Calibration!$C:$C)))} -> 5 | X7: {=IF(T7="Aggressive", XLOOKUP("cyl_tol_aggressive",Calibration!$B:$B,Calibration!$C:$C), XLOOKUP("cyl_tol_standard",Calibration!$B:$B,Calibration!$C:$C))} -> 0.5 | Y7: {=IF(OR(E7="High",F7="High",XLOOKUP($A7,Patient_Input_Data!$B:$B,Patient_Input_Data!$AA:$AA,"")="True"),TRUE,FALSE)} -> FALSE | Z7: =IF(OR(G7<>"Stable",J7="Hybrid",H7="Large",I7="Large"),TRUE,FALSE) -> FALSE | AA7: =IF(AND(B7="Adult",G7="Stable",E7="None",F7="None"),"Fast",IF(OR(B7="Presbyope",G7<>"Stable",E7="High",F7="High"),"Slow","Normal")) -> Slow | AB7: =IF(OR(E7="High",F7="High",G7="Unstable"),"Strict",IF(OR(E7="Moderate",F7="Moderate",G7="Uncertain"),"Normal","Relaxed")) -> Relaxed | AC7: =IF(OR(G7<>"Stable",E7="High",F7="High"),"High",IF(OR(E7="Moderate",F7="Moderate"),"Medium","Low")) -> Low | AD7: =IF(OR(B7="Presbyope",G7="Unstable",F7="High",E7="High"),"Strong_Fog",IF(AND(B7="Adult",G7="Stable",OR(F7="Moderate",E7="Moderate")),"Standard_Fog","No_Fog")) -> Strong_Fog | AE7: {=IF(AD7="Strong_Fog",XLOOKUP("strong_fog_amount",Calibration!B:B,Calibration!C:C),IF(AD7="Standard_Fog",XLOOKUP("standard_fog_amount",Calibration!B:B,Calibration!C:C),XLOOKUP("no_fog_amount",Calibration!B:B,Calibration!C:C)))} -> 1 | AF7: =IF(AND(AD7="Strong_Fog",R7="6/9_acceptable"),"Early_Stop_if_Risk",IF(AD7="Strong_Fog","StepDown_0.25","StepDown_0.50_then_0.25")) -> StepDown_0.25 | AG7: =IF(OR(G7="Unstable",E7="High"),"High",IF(OR(E7="Moderate",F7="Moderate"),"Medium","Low")) -> Low | AH7: =IF(OR(E7="High",F7="High",G7="Unstable"),"Fine","Normal") -> Normal | AI7: {=IF(AB7="Strict", XLOOKUP("duochrome_max_flips_strict",Calibration!$B:$B,Calibration!$C:$C), IF(AB7="Normal", XLOOKUP("duochrome_max_flips_normal",Calibration!$B:$B,Calibration!$C:$C), XLOOKUP("duochrome_max_flips_relaxed",Calibration!$B:$B,Calibration!$C:$C)))} -> 5 | AJ7: {=LET( nearPr,D7, addExp,Q7, ageB,B7, forceHighNear,XLOOKUP("allow_high_near_priority_to_force_near",Calibration!$B:$B,Calibration!$C:$C), allowPossible,XLOOKUP("trigger_near_if_dv_add_expected_possible",Calibration!$B:$B,Calibration!$C:$C), allowLikely,XLOOKUP("trigger_near_if_dv_add_expected_likely",Calibration!$B:$B,Calibration!$C:$C), IF( OR( AND(addExp="Likely",allowLikely=TRUE), AND(addExp="Possible",allowPossible=TRUE), AND(nearPr="High",forceHighNear=TRUE) ), TRUE, FALSE ))} -> TRUE

Sheet FSM_Simulator
A1: step | B1: visit_id | C1: state | D1: phase_name | E1: phase_type | F1: stimulus_type | G1: chart_type | H1: response_type | I1: response_value | J1: opt_1 | K1: opt_2 | L1: opt_3 | M1: opt_4 | N1: opt_5 | O1: opt_6 | P1: question | Q1: eye | R1: chart_param | S1: RE_sph | T1: RE_cyl | U1: RE_axis | V1: LE_sph | W1: LE_cyl | X1: LE_axis | Y1: ADD_R | Z1: ADD_L | AA1: target_line | AB1: sph_step | AC1: cyl_step | AD1: axis_step | AE1: fog_policy | AF1: fog_amount | AG1: fog_clearance_mode | AH1: fog_confirm_required | AI1: dv_confidence_requirement | AJ1: dv_requires_optom_review | AK1: dv_expected_convergence_time | AL1: dv_branching_guardrails | AM1: dS_RE | AN1: dC_RE | AO1: dA_RE | AP1: dS_LE | AQ1: dC_LE | AR1: dA_LE | AS1: dADD_R | AT1: dADD_L | AU1: next_chart_param | AV1: chart_idx | AW1: target_chart_idx | AX1: same_streak | AY1: phase_step_count | AZ1: prev_axis_response | BA1: duo_iter | BB1: duo_flip | BC1: next_state | BD1: row_active
A2: 1 | B2: 6 | C2: A | D2: {=XLOOKUP(C2,FSM_State_Map!A:A,FSM_State_Map!B:B,"")} -> Distance Baseline | E2: {=XLOOKUP(C2,FSM_State_Map!A:A,FSM_State_Map!C:C,"")} -> DIST_BASELINE | F2: {=XLOOKUP(E2,Phase_UI_Map!A:A,Phase_UI_Map!B:B,"")} -> DIST_VA | G2: {=XLOOKUP(E2,Phase_UI_Map!A:A,Phase_UI_Map!C:C,"")} -> SNELLEN_FEET | H2: {=XLOOKUP(E2,Phase_UI_Map!A:A,Phase_UI_Map!D:D,"")} -> READABILITY | I2: READABLE | J2: =IFERROR(__xludf.DUMMYFUNCTION("IF($I1="""","""",IFERROR(INDEX(FILTER(Response_Lists!$B:$B,Response_Lists!$A:$A=$H2),1),""""))"),"READABLE") -> READABLE | K2: =IFERROR(__xludf.DUMMYFUNCTION("IF($I1="""","""",IFERROR(INDEX(FILTER(Response_Lists!$B:$B,Response_Lists!$A:$A=$H2),2),""""))"),"NOT_READABLE") -> NOT_READABLE | L2: =IFERROR(__xludf.DUMMYFUNCTION("IF($I1="""","""",IFERROR(INDEX(FILTER(Response_Lists!$B:$B,Response_Lists!$A:$A=$H2),3),""""))"),"BLURRY") -> BLURRY | M2: =IFERROR(__xludf.DUMMYFUNCTION("IF($I1="""","""",IFERROR(INDEX(FILTER(Response_Lists!$B:$B,Response_Lists!$A:$A=$H2),4),""""))"),"") | N2: =IFERROR(__xludf.DUMMYFUNCTION("IF($I1="""","""",IFERROR(INDEX(FILTER(Response_Lists!$B:$B,Response_Lists!$A:$A=$H2),5),""""))"),"") | O2: =IFERROR(__xludf.DUMMYFUNCTION("IF($I1="""","""",IFERROR(INDEX(FILTER(Response_Lists!$B:$B,Response_Lists!$A:$A=$H2),6),""""))"),"") | P2: =IFS(H2="READABILITY","Can you read this clearly?",H2="COMPARE_1_2","Which is clearer: 1 or 2?",H2="COLOR_CHOICE","Which is clearer: RED or GREEN?",H2="TOP_BOTTOM","Which is clearer: TOP or BOTTOM?",H2="NEAR_READABILITY","Can you read the near target clearly?",H2="NEAR_BINOC","Is near clear and comfortable? (TARGET_OK/NOT_CLEAR)",TRUE,"") -> Can you read this clearly? | Q2: {=XLOOKUP(C2,FSM_State_Map!A:A,FSM_State_Map!D:D,"")} -> BIN | R2: 400 | S2: {=XLOOKUP($B2,Derived_Variables!$A:$A,Derived_Variables!$K:$K,0)} -> -1.5 | T2: {=XLOOKUP($B2,Derived_Variables!$A:$A,Derived_Variables!$L:$L,0)} -> -0.5 | U2: {=XLOOKUP($B2,Derived_Variables!$A:$A,Derived_Variables!$M:$M,0)} | V2: {=XLOOKUP($B2,Derived_Variables!$A:$A,Derived_Variables!$N:$N,0)} -> -1 | W2: {=XLOOKUP($B2,Derived_Variables!$A:$A,Derived_Variables!$O:$O,0)} -> 0 | X2: {=XLOOKUP($B2,Derived_Variables!$A:$A,Derived_Variables!$P:$P,0)} -> 0 | Y2: 0 | Z2: 0 | AA2: {=IF(XLOOKUP($B2,Derived_Variables!$A:$A,Derived_Variables!$R:$R,"6/6_target")="6/6_target","20_20_20","40_30_25")} -> 20_20_20 | AB2: {=XLOOKUP(LOWER(XLOOKUP($B2,Derived_Variables!$A:$A,Derived_Variables!$T:$T,"Standard"))&"_sph_step",Calibration!$B:$B,Calibration!$C:$C,0.25)} -> 0.25 | AC2: {=XLOOKUP(LOWER(XLOOKUP($B2,Derived_Variables!$A:$A,Derived_Variables!$T:$T,"Standard"))&"_cyl_step",Calibration!$B:$B,Calibration!$C:$C,0.25)} -> 0.25 | AD2: {=XLOOKUP("axis_start_step",Calibration!$B:$B,Calibration!$C:$C,5)} -> 5 | AE2: {=XLOOKUP($B2,Derived_Variables!$A:$A,Derived_Variables!$AD:$AD,"No_Fog")} -> Strong_Fog | AF2: {=XLOOKUP($B2,Derived_Variables!$A:$A,Derived_Variables!$AE:$AE,0)} -> 1 | AG2: {=XLOOKUP($B2,Derived_Variables!$A:$A,Derived_Variables!$AF:$AF,"")} -> StepDown_0.25 | AH2: {=XLOOKUP($B2,Derived_Variables!$A:$A,Derived_Variables!$AG:$AG,"")} -> Low | AI2: {=XLOOKUP($B2,Derived_Variables!$A:$A,Derived_Variables!$AC:$AC,"Medium")} -> Low | AJ2: {=XLOOKUP($B2,Derived_Variables!$A:$A,Derived_Variables!$Y:$Y,FALSE)} -> FALSE | AK2: {=XLOOKUP($B2,Derived_Variables!$A:$A,Derived_Variables!$AA:$AA,"Normal")} -> Slow | AL2: {=XLOOKUP($B2,Derived_Variables!$A:$A,Derived_Variables!$AB:$AB,"Normal")} -> Relaxed | AM2: 0 | AN2: 0 | AO2: 0 | AP2: 0 | AQ2: 0 | AR2: 0 | AS2: 0 | AT2: 0 | AU2: {=IF(G2="SNELLEN_FEET",IF(I2="READABLE",IFERROR(XLOOKUP(XLOOKUP(R2,Chart_Scale_Distance!B:B,Chart_Scale_Distance!A:A)+1,Chart_Scale_Distance!A:A,Chart_Scale_Distance!B:B),R2),R2),R2)} -> 200_150 | AV2: {=IFERROR(XLOOKUP(R2,Chart_Scale_Distance!$B:$B,Chart_Scale_Distance!$A:$A,""),"")} -> 1 | AW2: {=IFERROR(XLOOKUP(AA2,Chart_Scale_Distance!$B:$B,Chart_Scale_Distance!$A:$A,""),"")} -> 6 | AX2: 0 | AY2: 0 | BA2: 0 | BC2: =IF(AJ2=TRUE,"ESCALATE",IF(C2="A",IF(OR(I2="NOT_READABLE",I2="BLURRY",AND(R2="20_20_20",I2="READABLE")),"B","A"),"A")) -> A | BD2: TRUE
A3: =A2+1 -> 2 | B3: =B2 -> 6 | C3: =IF($I2="","",BC2) -> A | D3: {=IF($I2="","",XLOOKUP(C3,FSM_State_Map!A:A,FSM_State_Map!B:B,""))} -> Distance Baseline | E3: {=IF($I2="","",XLOOKUP(C3,FSM_State_Map!A:A,FSM_State_Map!C:C,""))} -> DIST_BASELINE | F3: {=IF($I2="","",XLOOKUP(E3,Phase_UI_Map!A:A,Phase_UI_Map!B:B,""))} -> DIST_VA | G3: {=IF($I2="","",XLOOKUP(E3,Phase_UI_Map!A:A,Phase_UI_Map!C:C,""))} -> SNELLEN_FEET | H3: {=IF($I2="","",XLOOKUP(E3,Phase_UI_Map!A:A,Phase_UI_Map!D:D,""))} -> READABILITY | I3: READABLE | J3: =IFERROR(__xludf.DUMMYFUNCTION("IF($I2="""","""",IFERROR(INDEX(FILTER(Response_Lists!$B:$B,Response_Lists!$A:$A=$H3),1),""""))"),"READABLE") -> READABLE | K3: =IFERROR(__xludf.DUMMYFUNCTION("IF($I2="""","""",IFERROR(INDEX(FILTER(Response_Lists!$B:$B,Response_Lists!$A:$A=$H3),2),""""))"),"NOT_READABLE") -> NOT_READABLE | L3: =IFERROR(__xludf.DUMMYFUNCTION("IF($I2="""","""",IFERROR(INDEX(FILTER(Response_Lists!$B:$B,Response_Lists!$A:$A=$H3),3),""""))"),"BLURRY") -> BLURRY | M3: =IFERROR(__xludf.DUMMYFUNCTION("IF($I2="""","""",IFERROR(INDEX(FILTER(Response_Lists!$B:$B,Response_Lists!$A:$A=$H3),4),""""))"),"") | N3: =IFERROR(__xludf.DUMMYFUNCTION("IF($I2="""","""",IFERROR(INDEX(FILTER(Response_Lists!$B:$B,Response_Lists!$A:$A=$H3),5),""""))"),"") | O3: =IFERROR(__xludf.DUMMYFUNCTION("IF($I2="""","""",IFERROR(INDEX(FILTER(Response_Lists!$B:$B,Response_Lists!$A:$A=$H3),6),""""))"),"") | P3: =IF($I2="","",IFS(H3="READABILITY","Can you read this clearly?",H3="COMPARE_1_2","Which is clearer: 1 or 2?",H3="COLOR_CHOICE","Which is clearer: RED or GREEN?",H3="TOP_BOTTOM","Which is clearer: TOP or BOTTOM?",H3="NEAR_READABILITY","Can you read the near target clearly?",H3="NEAR_BINOC","Is near clear and comfortable? (TARGET_OK/NOT_CLEAR)",TRUE,"")) -> Can you read this clearly? | Q3: {=IF($I2="","",XLOOKUP(C3,FSM_State_Map!A:A,FSM_State_Map!D:D,""))} -> BIN | R3: =IF($I2="","",IF(AND(C3="D",C2<>"D"),INDEX($R$2:R2,MATCH("B",$C$2:C2,0)),AU2)) -> 200_150 | S3: {=IF($I2="","", IF( AND(C3="B",C2<>"B"), XLOOKUP($B3,Derived_Variables!$A:$A,Derived_Variables!$K:$K,0) + XLOOKUP($B3,Derived_Variables!$A:$A,Derived_Variables!$AE:$AE,0), S2+AM2 ))} -> -1.5 | T3: =IF($I2="","",T2+AN2) -> -0.5 | U3: =IF($I2="","",U2+AO2) -> 0 | V3: {=IF($I2="","", IF( AND(C3="D",C2<>"D"), XLOOKUP($B3,Derived_Variables!$A:$A,Derived_Variables!$N:$N,0) + XLOOKUP($B3,Derived_Variables!$A:$A,Derived_Variables!$AE:$AE,0), V2+AP2 ))} -> -1 | W3: =IF($I2="","",W2+AQ2) -> 0 | X3: =IF($I2="","",X2+AR2) -> 0 | Y3: {=IF($I2="","",IF(AND(C3="P",C2<>"P"),IFERROR(XLOOKUP($B3,Lenso_Input!$A:$A,Lenso_Input!$E:$E,0),0),Y2+AS2))} -> 0 | Z3: {=IF($I2="","",IF(AND(C3="Q",C2<>"Q"),IFERROR(XLOOKUP($B3,Lenso_Input!$A:$A,Lenso_Input!$I:$I,0),0),Z2+AT2))} -> 0 | AA3: {=IF($I2="","",IF(XLOOKUP($B3,Derived_Variables!$A:$A,Derived_Variables!$R:$R,"6/6_target")="6/6_target","20_20_20","40_30_25"))} -> 20_20_20 | AB3: {=IF($I2="","",XLOOKUP(LOWER(XLOOKUP($B3,Derived_Variables!$A:$A,Derived_Variables!$T:$T,"Standard"))&"_sph_step",Calibration!$B:$B,Calibration!$C:$C,0.25))} -> 0.25 | AC3: {=IF($I2="","",XLOOKUP(LOWER(XLOOKUP($B3,Derived_Variables!$A:$A,Derived_Variables!$T:$T,"Standard"))&"_cyl_step",Calibration!$B:$B,Calibration!$C:$C,0.25))} -> 0.25 | AD3: {=IF($I2="","",IF(OR(C3="E",C3="H"),LET(startStep,XLOOKUP("axis_start_step",Calibration!$B:$B,Calibration!$C:$C,5),step1,XLOOKUP("axis_reversal_step_1",Calibration!$B:$B,Calibration!$C:$C,3),step2,XLOOKUP("axis_reversal_step_2",Calibration!$B:$B,Calibration!$C:$C,1),IF(OR(C2<>C3,AZ3="",AZ3="SAME",AZ3="CANT_TELL",I3="",I3="SAME",I3="CANT_TELL"),startStep,IF(OR(AND(AZ3="BETTER_1",I3="BETTER_2"),AND(AZ3="BETTER_2",I3="BETTER_1")),IF(AD2>step1,step1,step2),AD2))),0))} -> 0 | AE3: {=IF($I2="","",XLOOKUP($B3,Derived_Variables!$A:$A,Derived_Variables!$AD:$AD,"No_Fog"))} -> Strong_Fog | AF3: {=IF($I2="","",XLOOKUP($B3,Derived_Variables!$A:$A,Derived_Variables!$AE:$AE,0))} -> 1 | AG3: {=IF($I2="","",XLOOKUP($B3,Derived_Variables!$A:$A,Derived_Variables!$AF:$AF,""))} -> StepDown_0.25 | AH3: {=IF($I2="","",XLOOKUP($B3,Derived_Variables!$A:$A,Derived_Variables!$AG:$AG,""))} -> Low | AI3: {=IF($I2="","",XLOOKUP($B3,Derived_Variables!$A:$A,Derived_Variables!$AC:$AC,"Medium"))} -> Low | AJ3: {=IF($I2="","",XLOOKUP($B3,Derived_Variables!$A:$A,Derived_Variables!$Y:$Y,FALSE))} -> FALSE | AK3: {=IF($I2="","",XLOOKUP($B3,Derived_Variables!$A:$A,Derived_Variables!$AA:$AA,"Normal"))} -> Slow | AL3: {=IF($I2="","",XLOOKUP($B3,Derived_Variables!$A:$A,Derived_Variables!$AB:$AB,"Normal"))} -> Relaxed | AM3: {=IF($I3="","",IFS(C3="B",IF(OR(I3="NOT_READABLE",I3="BLURRY"),-AB3,0),C3="G",IFS(I3="RED_CLEARER",XLOOKUP("duochrome_red_step",Calibration!$B:$B,Calibration!$C:$C,-0.25),I3="GREEN_CLEARER",XLOOKUP("duochrome_green_step",Calibration!$B:$B,Calibration!$C:$C,0.25),I3="EQUAL",IF(XLOOKUP($B3,Derived_Variables!$A:$A,Derived_Variables!$S:$S,"Neutral")="Undercorrect",XLOOKUP("undercorrect_step",Calibration!$B:$B,Calibration!$C:$C,0.25),IF(XLOOKUP($B3,Derived_Variables!$A:$A,Derived_Variables!$S:$S,"Neutral")="Overcorrect",-XLOOKUP("overcorrect_step",Calibration!$B:$B,Calibration!$C:$C,0.25),0)),TRUE,0),C3="K",IF(I3="TOP_CLEARER",XLOOKUP("bino_balance_step",Calibration!$B:$B,Calibration!$C:$C,0.25),0),TRUE,0))} -> 0 | AN3: =IF($I3="","",IF(C3="F",IFS(I3="BETTER_1",AC3,I3="BETTER_2",-AC3,TRUE,0),0)) -> 0 | AO3: =IF($I3="","",IF(C3="E",IFS(I3="BETTER_1",-AD3,I3="BETTER_2",AD3,TRUE,0),0)) -> 0 | AP3: {=IF($I3="","",IFS(C3="D",IF(OR(I3="NOT_READABLE",I3="BLURRY"),-AB3,0),C3="J",IFS(I3="RED_CLEARER",XLOOKUP("duochrome_red_step",Calibration!$B:$B,Calibration!$C:$C,-0.25),I3="GREEN_CLEARER",XLOOKUP("duochrome_green_step",Calibration!$B:$B,Calibration!$C:$C,0.25),I3="EQUAL",IF(XLOOKUP($B3,Derived_Variables!$A:$A,Derived_Variables!$S:$S,"Neutral")="Undercorrect",XLOOKUP("undercorrect_step",Calibration!$B:$B,Calibration!$C:$C,0.25),IF(XLOOKUP($B3,Derived_Variables!$A:$A,Derived_Variables!$S:$S,"Neutral")="Overcorrect",-XLOOKUP("overcorrect_step",Calibration!$B:$B,Calibration!$C:$C,0.25),0)),TRUE,0),C3="K",IF(I3="BOTTOM_CLEARER",XLOOKUP("bino_balance_step",Calibration!$B:$B,Calibration!$C:$C,0.25),0),TRUE,0))} -> 0 | AQ3: =IF($I3="","",IF(C3="I",IFS(I3="BETTER_1",AC3,I3="BETTER_2",-AC3,TRUE,0),0)) -> 0 | AR3: =IF($I3="","",IF(C3="H",IFS(I3="BETTER_1",-AD3,I3="BETTER_2",AD3,TRUE,0),0)) -> 0 | AS3: {=IF($I3="","",IF(C3="P",IF(OR(I3="NOT_READABLE",I3="BLURRY"),XLOOKUP("near_add_step",Calibration!$B:$B,Calibration!$C:$C,0.25),0),IF(C3="R",IF(I3="NOT_CLEAR",XLOOKUP("near_add_step",Calibration!$B:$B,Calibration!$C:$C,0.25),0),0)))} -> 0 | AT3: {=IF($I3="","",IF(C3="Q",IF(OR(I3="NOT_READABLE",I3="BLURRY"),XLOOKUP("near_add_step",Calibration!$B:$B,Calibration!$C:$C,0.25),0),IF(C3="R",IF(I3="NOT_CLEAR",XLOOKUP("near_add_step",Calibration!$B:$B,Calibration!$C:$C,0.25),0),0)))} -> 0 | AU3: {=IF($I3="","",IF(G3="SNELLEN_FEET",IF(I3="READABLE",IFERROR(XLOOKUP(XLOOKUP(R3,Chart_Scale_Distance!B:B,Chart_Scale_Distance!A:A)+1,Chart_Scale_Distance!A:A,Chart_Scale_Distance!B:B),R3),R3),R3))} -> 100_80 | AV3: {=IF($I2="","",IFERROR(XLOOKUP(R3,Chart_Scale_Distance!$B:$B,Chart_Scale_Distance!$A:$A,""),""))} -> 2 | AW3: {=IF($I2="","",IFERROR(XLOOKUP(AA3,Chart_Scale_Distance!$B:$B,Chart_Scale_Distance!$A:$A,""),""))} -> 6 | AX3: =IF($I3="","", IF( OR(C3="G",C3="J"), IF( AND(C2=C3,I3="EQUAL",I2="EQUAL"), AX2+1, IF(I3="EQUAL",1,0) ), IF(I3<>"SAME",0,IF(C3=C2,AX2+1,1)) ) ) -> 0 | AY3: =IF($I3="","",COUNTIFS($B$2:B3,$B3,$C$2:C3,$C3)) -> 2 | AZ3: =IF($I2="","",IF(AND(OR(C3="E",C3="H"),OR(C2="E",C2="H")),I2,"")) | BA3: =IF($I3="","",IF(OR(C3="G",C3="J"),BA2+1,0)) -> 0 | BB3: =IF($I3="","", IF( OR(C3="G",C3="J"), IF( C2<>C3, 0, IF( OR( AND(I3="RED_CLEARER",I2="GREEN_CLEARER"), AND(I3="GREEN_CLEARER",I2="RED_CLEARER") ), BB2+1, BB2 ) ), 0 ) ) -> 0 | BC3: {=IF($I3="","",LET( conf,AI3, powerSameN,IF(conf="Low",XLOOKUP("jcc_power_same_low",Calibration!$B:$B,Calibration!$C:$C,1),IF(conf="Medium",XLOOKUP("jcc_power_same_medium",Calibration!$B:$B,Calibration!$C:$C,2),XLOOKUP("jcc_power_same_high",Calibration!$B:$B,Calibration!$C:$C,2))), duoEqualN,XLOOKUP("duochrome_equal_confirmations",Calibration!$B:$B,Calibration!$C:$C,2), duoMax,XLOOKUP($B3,Derived_Variables!$A:$A,Derived_Variables!$AI:$AI,4), axisTol,XLOOKUP($B3,Derived_Variables!$A:$A,Derived_Variables!$W:$W,1), maxStart,XLOOKUP($B3,Derived_Variables!$A:$A,Derived_Variables!$U:$U,1.25), maxAR,XLOOKUP($B3,Derived_Variables!$A:$A,Derived_Variables!$V:$V,3), anom,XLOOKUP($B3,Derived_Variables!$A:$A,Derived_Variables!$Z:$Z,FALSE), reStart,XLOOKUP($B3,Derived_Variables!$A:$A,Derived_Variables!$K:$K,0), leStart,XLOOKUP($B3,Derived_Variables!$A:$A,Derived_Variables!$N:$N,0), reAR,XLOOKUP($B3,AR_Input!$A:$A,AR_Input!$B:$B,reStart), leAR,XLOOKUP($B3,AR_Input!$A:$A,AR_Input!$E:$E,leStart), reEsc,AND(anom,OR(ABS((S3+AM3)-reStart)>maxStart,ABS((S3+AM3)-reAR)>maxAR)), leEsc,AND(anom,OR(ABS((V3+AP3)-leStart)>maxStart,ABS((V3+AP3)-leAR)>maxAR)), phaseMax,IFS( AK3="Fast", IFS( OR(C3="B",C3="D"),XLOOKUP("timeout_coarse_fast",Calibration!$B:$B,Calibration!$C:$C,24), OR(C3="E",C3="F",C3="H",C3="I"),XLOOKUP("timeout_jcc_fast",Calibration!$B:$B,Calibration!$C:$C,10), OR(C3="G",C3="J"),XLOOKUP("timeout_duochrome_fast",Calibration!$B:$B,Calibration!$C:$C,8), C3="K",XLOOKUP("timeout_bino_fast",Calibration!$B:$B,Calibration!$C:$C,10), OR(C3="P",C3="Q",C3="R"),XLOOKUP("timeout_near_fast",Calibration!$B:$B,Calibration!$C:$C,16), TRUE,XLOOKUP("timeout_coarse_fast",Calibration!$B:$B,Calibration!$C:$C,24) ), AK3="Normal", IFS( OR(C3="B",C3="D"),XLOOKUP("timeout_coarse_normal",Calibration!$B:$B,Calibration!$C:$C,36), OR(C3="E",C3="F",C3="H",C3="I"),XLOOKUP("timeout_jcc_normal",Calibration!$B:$B,Calibration!$C:$C,14), OR(C3="G",C3="J"),XLOOKUP("timeout_duochrome_normal",Calibration!$B:$B,Calibration!$C:$C,10), C3="K",XLOOKUP("timeout_bino_normal",Calibration!$B:$B,Calibration!$C:$C,14), OR(C3="P",C3="Q",C3="R"),XLOOKUP("timeout_near_normal",Calibration!$B:$B,Calibration!$C:$C,22), TRUE,XLOOKUP("timeout_coarse_normal",Calibration!$B:$B,Calibration!$C:$C,36) ), TRUE, IFS( OR(C3="B",C3="D"),XLOOKUP("timeout_coarse_slow",Calibration!$B:$B,Calibration!$C:$C,48), OR(C3="E",C3="F",C3="H",C3="I"),XLOOKUP("timeout_jcc_slow",Calibration!$B:$B,Calibration!$C:$C,18), OR(C3="G",C3="J"),XLOOKUP("timeout_duochrome_slow",Calibration!$B:$B,Calibration!$C:$C,12), C3="K",XLOOKUP("timeout_bino_slow",Calibration!$B:$B,Calibration!$C:$C,18), OR(C3="P",C3="Q",C3="R"),XLOOKUP("timeout_near_slow",Calibration!$B:$B,Calibration!$C:$C,28), TRUE,XLOOKUP("timeout_coarse_slow",Calibration!$B:$B,Calibration!$C:$C,48) ) ), binoSameN,XLOOKUP("bino_balance_same_required",Calibration!$B:$B,Calibration!$C:$C,1), nearTarget,XLOOKUP("near_binoc_target_response",Calibration!$B:$B,Calibration!$C:$C,"TARGET_OK"), IFS( AJ3=TRUE,"ESCALATE", C3="A", IF(OR(I3="NOT_READABLE",I3="BLURRY",AND(R3="20_20_20",I3="READABLE")),"B","A"), C3="B", IF(reEsc,"ESCALATE",IF(AY3>=phaseMax,"ESCALATE",IF(AND(AV3>=AW3,I3="READABLE"),"E","B"))), C3="E", IF(AY3>=phaseMax,"ESCALATE",IF(OR(I3="SAME",I3="CANT_TELL",AD3<axisTol),"F","E")), C3="F", IF(AY3>=phaseMax,"ESCALATE",IF(AX3>=powerSameN,"G","F")), C3="G", IF(AY3>=phaseMax,"ESCALATE",IF(OR(AX3>=duoEqualN,BB3>=duoMax),"D","G")), C3="D", IF(leEsc,"ESCALATE",IF(AY3>=phaseMax,"ESCALATE",IF(AND(AV3>=AW3,I3="READABLE"),"H","D"))), C3="H", IF(AY3>=phaseMax,"ESCALATE",IF(OR(I3="SAME",I3="CANT_TELL",AD3<axisTol),"I","H")), C3="I", IF(AY3>=phaseMax,"ESCALATE",IF(AX3>=powerSameN,"J","I")), C3="J", IF(AY3>=phaseMax,"ESCALATE",IF(OR(AX3>=duoEqualN,BB3>=duoMax),"K","J")), C3="K", IF(AY3>=phaseMax,"ESCALATE",IF(AX3>=binoSameN,IF(XLOOKUP($B3,Derived_Variables!$A:$A,Derived_Variables!$AJ:$AJ,FALSE)=TRUE,"P","END"),"K")), C3="P", IF(AY3>=phaseMax,"ESCALATE",IF(OR(I3="READABLE",I3="SAME"),"Q","P")), C3="Q", IF(AY3>=phaseMax,"ESCALATE",IF(OR(I3="READABLE",I3="SAME"),"R","Q")), C3="R", IF(AY3>=phaseMax,"ESCALATE",IF(OR(I3=nearTarget,I3="SAME"),"END","R")), TRUE,"END" )))} -> A | BD3: =IF($I2="",FALSE,TRUE) -> TRUE
A4: =A3+1 -> 3 | B4: =B3 -> 6 | C4: =IF($I3="","",BC3) -> A | D4: {=IF($I3="","",XLOOKUP(C4,FSM_State_Map!A:A,FSM_State_Map!B:B,""))} -> Distance Baseline | E4: {=IF($I3="","",XLOOKUP(C4,FSM_State_Map!A:A,FSM_State_Map!C:C,""))} -> DIST_BASELINE | F4: {=IF($I3="","",XLOOKUP(E4,Phase_UI_Map!A:A,Phase_UI_Map!B:B,""))} -> DIST_VA | G4: {=IF($I3="","",XLOOKUP(E4,Phase_UI_Map!A:A,Phase_UI_Map!C:C,""))} -> SNELLEN_FEET | H4: {=IF($I3="","",XLOOKUP(E4,Phase_UI_Map!A:A,Phase_UI_Map!D:D,""))} -> READABILITY | I4: READABLE | J4: =IFERROR(__xludf.DUMMYFUNCTION("IF($I3="""","""",IFERROR(INDEX(FILTER(Response_Lists!$B:$B,Response_Lists!$A:$A=$H4),1),""""))"),"READABLE") -> READABLE | K4: =IFERROR(__xludf.DUMMYFUNCTION("IF($I3="""","""",IFERROR(INDEX(FILTER(Response_Lists!$B:$B,Response_Lists!$A:$A=$H4),2),""""))"),"NOT_READABLE") -> NOT_READABLE | L4: =IFERROR(__xludf.DUMMYFUNCTION("IF($I3="""","""",IFERROR(INDEX(FILTER(Response_Lists!$B:$B,Response_Lists!$A:$A=$H4),3),""""))"),"BLURRY") -> BLURRY | M4: =IFERROR(__xludf.DUMMYFUNCTION("IF($I3="""","""",IFERROR(INDEX(FILTER(Response_Lists!$B:$B,Response_Lists!$A:$A=$H4),4),""""))"),"") | N4: =IFERROR(__xludf.DUMMYFUNCTION("IF($I3="""","""",IFERROR(INDEX(FILTER(Response_Lists!$B:$B,Response_Lists!$A:$A=$H4),5),""""))"),"") | O4: =IFERROR(__xludf.DUMMYFUNCTION("IF($I3="""","""",IFERROR(INDEX(FILTER(Response_Lists!$B:$B,Response_Lists!$A:$A=$H4),6),""""))"),"") | P4: =IF($I3="","",IFS(H4="READABILITY","Can you read this clearly?",H4="COMPARE_1_2","Which is clearer: 1 or 2?",H4="COLOR_CHOICE","Which is clearer: RED or GREEN?",H4="TOP_BOTTOM","Which is clearer: TOP or BOTTOM?",H4="NEAR_READABILITY","Can you read the near target clearly?",H4="NEAR_BINOC","Is near clear and comfortable? (TARGET_OK/NOT_CLEAR)",TRUE,"")) -> Can you read this clearly? | Q4: {=IF($I3="","",XLOOKUP(C4,FSM_State_Map!A:A,FSM_State_Map!D:D,""))} -> BIN | R4: =IF($I3="","",IF(AND(C4="D",C3<>"D"),INDEX($R$2:R3,MATCH("B",$C$2:C3,0)),AU3)) -> 100_80 | S4: {=IF($I3="","", IF( AND(C4="B",C3<>"B"), XLOOKUP($B4,Derived_Variables!$A:$A,Derived_Variables!$K:$K,0) + XLOOKUP($B4,Derived_Variables!$A:$A,Derived_Variables!$AE:$AE,0), S3+AM3 ))} -> -1.5 | T4: =IF($I3="","",T3+AN3) -> -0.5 | U4: =IF($I3="","",U3+AO3) -> 0 | V4: {=IF($I3="","", IF( AND(C4="D",C3<>"D"), XLOOKUP($B4,Derived_Variables!$A:$A,Derived_Variables!$N:$N,0) + XLOOKUP($B4,Derived_Variables!$A:$A,Derived_Variables!$AE:$AE,0), V3+AP3 ))} -> -1 | W4: =IF($I3="","",W3+AQ3) -> 0 | X4: =IF($I3="","",X3+AR3) -> 0 | Y4: {=IF($I3="","",IF(AND(C4="P",C3<>"P"),IFERROR(XLOOKUP($B4,Lenso_Input!$A:$A,Lenso_Input!$E:$E,0),0),Y3+AS3))} -> 0 | Z4: {=IF($I3="","",IF(AND(C4="Q",C3<>"Q"),IFERROR(XLOOKUP($B4,Lenso_Input!$A:$A,Lenso_Input!$I:$I,0),0),Z3+AT3))} -> 0 | AA4: {=IF($I3="","",IF(XLOOKUP($B4,Derived_Variables!$A:$A,Derived_Variables!$R:$R,"6/6_target")="6/6_target","20_20_20","40_30_25"))} -> 20_20_20 | AB4: {=IF($I3="","",XLOOKUP(LOWER(XLOOKUP($B4,Derived_Variables!$A:$A,Derived_Variables!$T:$T,"Standard"))&"_sph_step",Calibration!$B:$B,Calibration!$C:$C,0.25))} -> 0.25 | AC4: {=IF($I3="","",XLOOKUP(LOWER(XLOOKUP($B4,Derived_Variables!$A:$A,Derived_Variables!$T:$T,"Standard"))&"_cyl_step",Calibration!$B:$B,Calibration!$C:$C,0.25))} -> 0.25 | AD4: {=IF($I3="","",IF(OR(C4="E",C4="H"),LET(startStep,XLOOKUP("axis_start_step",Calibration!$B:$B,Calibration!$C:$C,5),step1,XLOOKUP("axis_reversal_step_1",Calibration!$B:$B,Calibration!$C:$C,3),step2,XLOOKUP("axis_reversal_step_2",Calibration!$B:$B,Calibration!$C:$C,1),IF(OR(C3<>C4,AZ4="",AZ4="SAME",AZ4="CANT_TELL",I4="",I4="SAME",I4="CANT_TELL"),startStep,IF(OR(AND(AZ4="BETTER_1",I4="BETTER_2"),AND(AZ4="BETTER_2",I4="BETTER_1")),IF(AD3>step1,step1,step2),AD3))),0))} -> 0 | AE4: {=IF($I3="","",XLOOKUP($B4,Derived_Variables!$A:$A,Derived_Variables!$AD:$AD,"No_Fog"))} -> Strong_Fog | AF4: {=IF($I3="","",XLOOKUP($B4,Derived_Variables!$A:$A,Derived_Variables!$AE:$AE,0))} -> 1 | AG4: {=IF($I3="","",XLOOKUP($B4,Derived_Variables!$A:$A,Derived_Variables!$AF:$AF,""))} -> StepDown_0.25 | AH4: {=IF($I3="","",XLOOKUP($B4,Derived_Variables!$A:$A,Derived_Variables!$AG:$AG,""))} -> Low | AI4: {=IF($I3="","",XLOOKUP($B4,Derived_Variables!$A:$A,Derived_Variables!$AC:$AC,"Medium"))} -> Low | AJ4: {=IF($I3="","",XLOOKUP($B4,Derived_Variables!$A:$A,Derived_Variables!$Y:$Y,FALSE))} -> FALSE | AK4: {=IF($I3="","",XLOOKUP($B4,Derived_Variables!$A:$A,Derived_Variables!$AA:$AA,"Normal"))} -> Slow | AL4: {=IF($I3="","",XLOOKUP($B4,Derived_Variables!$A:$A,Derived_Variables!$AB:$AB,"Normal"))} -> Relaxed | AM4: {=IF($I4="","",IFS(C4="B",IF(OR(I4="NOT_READABLE",I4="BLURRY"),-AB4,0),C4="G",IFS(I4="RED_CLEARER",XLOOKUP("duochrome_red_step",Calibration!$B:$B,Calibration!$C:$C,-0.25),I4="GREEN_CLEARER",XLOOKUP("duochrome_green_step",Calibration!$B:$B,Calibration!$C:$C,0.25),I4="EQUAL",IF(XLOOKUP($B4,Derived_Variables!$A:$A,Derived_Variables!$S:$S,"Neutral")="Undercorrect",XLOOKUP("undercorrect_step",Calibration!$B:$B,Calibration!$C:$C,0.25),IF(XLOOKUP($B4,Derived_Variables!$A:$A,Derived_Variables!$S:$S,"Neutral")="Overcorrect",-XLOOKUP("overcorrect_step",Calibration!$B:$B,Calibration!$C:$C,0.25),0)),TRUE,0),C4="K",IF(I4="TOP_CLEARER",XLOOKUP("bino_balance_step",Calibration!$B:$B,Calibration!$C:$C,0.25),0),TRUE,0))} -> 0 | AN4: =IF($I4="","",IF(C4="F",IFS(I4="BETTER_1",AC4,I4="BETTER_2",-AC4,TRUE,0),0)) -> 0 | AO4: =IF($I4="","",IF(C4="E",IFS(I4="BETTER_1",-AD4,I4="BETTER_2",AD4,TRUE,0),0)) -> 0 | AP4: {=IF($I4="","",IFS(C4="D",IF(OR(I4="NOT_READABLE",I4="BLURRY"),-AB4,0),C4="J",IFS(I4="RED_CLEARER",XLOOKUP("duochrome_red_step",Calibration!$B:$B,Calibration!$C:$C,-0.25),I4="GREEN_CLEARER",XLOOKUP("duochrome_green_step",Calibration!$B:$B,Calibration!$C:$C,0.25),I4="EQUAL",IF(XLOOKUP($B4,Derived_Variables!$A:$A,Derived_Variables!$S:$S,"Neutral")="Undercorrect",XLOOKUP("undercorrect_step",Calibration!$B:$B,Calibration!$C:$C,0.25),IF(XLOOKUP($B4,Derived_Variables!$A:$A,Derived_Variables!$S:$S,"Neutral")="Overcorrect",-XLOOKUP("overcorrect_step",Calibration!$B:$B,Calibration!$C:$C,0.25),0)),TRUE,0),C4="K",IF(I4="BOTTOM_CLEARER",XLOOKUP("bino_balance_step",Calibration!$B:$B,Calibration!$C:$C,0.25),0),TRUE,0))} -> 0 | AQ4: =IF($I4="","",IF(C4="I",IFS(I4="BETTER_1",AC4,I4="BETTER_2",-AC4,TRUE,0),0)) -> 0 | AR4: =IF($I4="","",IF(C4="H",IFS(I4="BETTER_1",-AD4,I4="BETTER_2",AD4,TRUE,0),0)) -> 0 | AS4: {=IF($I4="","",IF(C4="P",IF(OR(I4="NOT_READABLE",I4="BLURRY"),XLOOKUP("near_add_step",Calibration!$B:$B,Calibration!$C:$C,0.25),0),IF(C4="R",IF(I4="NOT_CLEAR",XLOOKUP("near_add_step",Calibration!$B:$B,Calibration!$C:$C,0.25),0),0)))} -> 0 | AT4: {=IF($I4="","",IF(C4="Q",IF(OR(I4="NOT_READABLE",I4="BLURRY"),XLOOKUP("near_add_step",Calibration!$B:$B,Calibration!$C:$C,0.25),0),IF(C4="R",IF(I4="NOT_CLEAR",XLOOKUP("near_add_step",Calibration!$B:$B,Calibration!$C:$C,0.25),0),0)))} -> 0 | AU4: {=IF($I4="","",IF(G4="SNELLEN_FEET",IF(I4="READABLE",IFERROR(XLOOKUP(XLOOKUP(R4,Chart_Scale_Distance!B:B,Chart_Scale_Distance!A:A)+1,Chart_Scale_Distance!A:A,Chart_Scale_Distance!B:B),R4),R4),R4))} -> 70_60_50 | AV4: {=IF($I3="","",IFERROR(XLOOKUP(R4,Chart_Scale_Distance!$B:$B,Chart_Scale_Distance!$A:$A,""),""))} -> 3 | AW4: {=IF($I3="","",IFERROR(XLOOKUP(AA4,Chart_Scale_Distance!$B:$B,Chart_Scale_Distance!$A:$A,""),""))} -> 6 | AX4: =IF($I4="","", IF( OR(C4="G",C4="J"), IF( AND(C3=C4,I4="EQUAL",I3="EQUAL"), AX3+1, IF(I4="EQUAL",1,0) ), IF(I4<>"SAME",0,IF(C4=C3,AX3+1,1)) ) ) -> 0 | AY4: =IF($I4="","",COUNTIFS($B$2:B4,$B4,$C$2:C4,$C4)) -> 3 | AZ4: =IF($I3="","",IF(AND(OR(C4="E",C4="H"),OR(C3="E",C3="H")),I3,"")) | BA4: =IF($I4="","",IF(OR(C4="G",C4="J"),BA3+1,0)) -> 0 | BB4: =IF($I4="","", IF( OR(C4="G",C4="J"), IF( C3<>C4, 0, IF( OR( AND(I4="RED_CLEARER",I3="GREEN_CLEARER"), AND(I4="GREEN_CLEARER",I3="RED_CLEARER") ), BB3+1, BB3 ) ), 0 ) ) -> 0 | BC4: {=IF($I4="","",LET( conf,AI4, powerSameN,IF(conf="Low",XLOOKUP("jcc_power_same_low",Calibration!$B:$B,Calibration!$C:$C,1),IF(conf="Medium",XLOOKUP("jcc_power_same_medium",Calibration!$B:$B,Calibration!$C:$C,2),XLOOKUP("jcc_power_same_high",Calibration!$B:$B,Calibration!$C:$C,2))), duoEqualN,XLOOKUP("duochrome_equal_confirmations",Calibration!$B:$B,Calibration!$C:$C,2), duoMax,XLOOKUP($B4,Derived_Variables!$A:$A,Derived_Variables!$AI:$AI,4), axisTol,XLOOKUP($B4,Derived_Variables!$A:$A,Derived_Variables!$W:$W,1), maxStart,XLOOKUP($B4,Derived_Variables!$A:$A,Derived_Variables!$U:$U,1.25), maxAR,XLOOKUP($B4,Derived_Variables!$A:$A,Derived_Variables!$V:$V,3), anom,XLOOKUP($B4,Derived_Variables!$A:$A,Derived_Variables!$Z:$Z,FALSE), reStart,XLOOKUP($B4,Derived_Variables!$A:$A,Derived_Variables!$K:$K,0), leStart,XLOOKUP($B4,Derived_Variables!$A:$A,Derived_Variables!$N:$N,0), reAR,XLOOKUP($B4,AR_Input!$A:$A,AR_Input!$B:$B,reStart), leAR,XLOOKUP($B4,AR_Input!$A:$A,AR_Input!$E:$E,leStart), reEsc,AND(anom,OR(ABS((S4+AM4)-reStart)>maxStart,ABS((S4+AM4)-reAR)>maxAR)), leEsc,AND(anom,OR(ABS((V4+AP4)-leStart)>maxStart,ABS((V4+AP4)-leAR)>maxAR)), phaseMax,IFS( AK4="Fast", IFS( OR(C4="B",C4="D"),XLOOKUP("timeout_coarse_fast",Calibration!$B:$B,Calibration!$C:$C,24), OR(C4="E",C4="F",C4="H",C4="I"),XLOOKUP("timeout_jcc_fast",Calibration!$B:$B,Calibration!$C:$C,10), OR(C4="G",C4="J"),XLOOKUP("timeout_duochrome_fast",Calibration!$B:$B,Calibration!$C:$C,8), C4="K",XLOOKUP("timeout_bino_fast",Calibration!$B:$B,Calibration!$C:$C,10), OR(C4="P",C4="Q",C4="R"),XLOOKUP("timeout_near_fast",Calibration!$B:$B,Calibration!$C:$C,16), TRUE,XLOOKUP("timeout_coarse_fast",Calibration!$B:$B,Calibration!$C:$C,24) ), AK4="Normal", IFS( OR(C4="B",C4="D"),XLOOKUP("timeout_coarse_normal",Calibration!$B:$B,Calibration!$C:$C,36), OR(C4="E",C4="F",C4="H",C4="I"),XLOOKUP("timeout_jcc_normal",Calibration!$B:$B,Calibration!$C:$C,14), OR(C4="G",C4="J"),XLOOKUP("timeout_duochrome_normal",Calibration!$B:$B,Calibration!$C:$C,10), C4="K",XLOOKUP("timeout_bino_normal",Calibration!$B:$B,Calibration!$C:$C,14), OR(C4="P",C4="Q",C4="R"),XLOOKUP("timeout_near_normal",Calibration!$B:$B,Calibration!$C:$C,22), TRUE,XLOOKUP("timeout_coarse_normal",Calibration!$B:$B,Calibration!$C:$C,36) ), TRUE, IFS( OR(C4="B",C4="D"),XLOOKUP("timeout_coarse_slow",Calibration!$B:$B,Calibration!$C:$C,48), OR(C4="E",C4="F",C4="H",C4="I"),XLOOKUP("timeout_jcc_slow",Calibration!$B:$B,Calibration!$C:$C,18), OR(C4="G",C4="J"),XLOOKUP("timeout_duochrome_slow",Calibration!$B:$B,Calibration!$C:$C,12), C4="K",XLOOKUP("timeout_bino_slow",Calibration!$B:$B,Calibration!$C:$C,18), OR(C4="P",C4="Q",C4="R"),XLOOKUP("timeout_near_slow",Calibration!$B:$B,Calibration!$C:$C,28), TRUE,XLOOKUP("timeout_coarse_slow",Calibration!$B:$B,Calibration!$C:$C,48) ) ), binoSameN,XLOOKUP("bino_balance_same_required",Calibration!$B:$B,Calibration!$C:$C,1), nearTarget,XLOOKUP("near_binoc_target_response",Calibration!$B:$B,Calibration!$C:$C,"TARGET_OK"), IFS( AJ4=TRUE,"ESCALATE", C4="A", IF(OR(I4="NOT_READABLE",I4="BLURRY",AND(R4="20_20_20",I4="READABLE")),"B","A"), C4="B", IF(reEsc,"ESCALATE",IF(AY4>=phaseMax,"ESCALATE",IF(AND(AV4>=AW4,I4="READABLE"),"E","B"))), C4="E", IF(AY4>=phaseMax,"ESCALATE",IF(OR(I4="SAME",I4="CANT_TELL",AD4<axisTol),"F","E")), C4="F", IF(AY4>=phaseMax,"ESCALATE",IF(AX4>=powerSameN,"G","F")), C4="G", IF(AY4>=phaseMax,"ESCALATE",IF(OR(AX4>=duoEqualN,BB4>=duoMax),"D","G")), C4="D", IF(leEsc,"ESCALATE",IF(AY4>=phaseMax,"ESCALATE",IF(AND(AV4>=AW4,I4="READABLE"),"H","D"))), C4="H", IF(AY4>=phaseMax,"ESCALATE",IF(OR(I4="SAME",I4="CANT_TELL",AD4<axisTol),"I","H")), C4="I", IF(AY4>=phaseMax,"ESCALATE",IF(AX4>=powerSameN,"J","I")), C4="J", IF(AY4>=phaseMax,"ESCALATE",IF(OR(AX4>=duoEqualN,BB4>=duoMax),"K","J")), C4="K", IF(AY4>=phaseMax,"ESCALATE",IF(AX4>=binoSameN,IF(XLOOKUP($B4,Derived_Variables!$A:$A,Derived_Variables!$AJ:$AJ,FALSE)=TRUE,"P","END"),"K")), C4="P", IF(AY4>=phaseMax,"ESCALATE",IF(OR(I4="READABLE",I4="SAME"),"Q","P")), C4="Q", IF(AY4>=phaseMax,"ESCALATE",IF(OR(I4="READABLE",I4="SAME"),"R","Q")), C4="R", IF(AY4>=phaseMax,"ESCALATE",IF(OR(I4=nearTarget,I4="SAME"),"END","R")), TRUE,"END" )))} -> A | BD4: =IF($I3="",FALSE,TRUE) -> TRUE
A5: =A4+1 -> 4 | B5: =B4 -> 6 | C5: =IF($I4="","",BC4) -> A | D5: {=IF($I4="","",XLOOKUP(C5,FSM_State_Map!A:A,FSM_State_Map!B:B,""))} -> Distance Baseline | E5: {=IF($I4="","",XLOOKUP(C5,FSM_State_Map!A:A,FSM_State_Map!C:C,""))} -> DIST_BASELINE | F5: {=IF($I4="","",XLOOKUP(E5,Phase_UI_Map!A:A,Phase_UI_Map!B:B,""))} -> DIST_VA | G5: {=IF($I4="","",XLOOKUP(E5,Phase_UI_Map!A:A,Phase_UI_Map!C:C,""))} -> SNELLEN_FEET | H5: {=IF($I4="","",XLOOKUP(E5,Phase_UI_Map!A:A,Phase_UI_Map!D:D,""))} -> READABILITY | I5: READABLE | J5: =IFERROR(__xludf.DUMMYFUNCTION("IF($I4="""","""",IFERROR(INDEX(FILTER(Response_Lists!$B:$B,Response_Lists!$A:$A=$H5),1),""""))"),"READABLE") -> READABLE | K5: =IFERROR(__xludf.DUMMYFUNCTION("IF($I4="""","""",IFERROR(INDEX(FILTER(Response_Lists!$B:$B,Response_Lists!$A:$A=$H5),2),""""))"),"NOT_READABLE") -> NOT_READABLE | L5: =IFERROR(__xludf.DUMMYFUNCTION("IF($I4="""","""",IFERROR(INDEX(FILTER(Response_Lists!$B:$B,Response_Lists!$A:$A=$H5),3),""""))"),"BLURRY") -> BLURRY | M5: =IFERROR(__xludf.DUMMYFUNCTION("IF($I4="""","""",IFERROR(INDEX(FILTER(Response_Lists!$B:$B,Response_Lists!$A:$A=$H5),4),""""))"),"") | N5: =IFERROR(__xludf.DUMMYFUNCTION("IF($I4="""","""",IFERROR(INDEX(FILTER(Response_Lists!$B:$B,Response_Lists!$A:$A=$H5),5),""""))"),"") | O5: =IFERROR(__xludf.DUMMYFUNCTION("IF($I4="""","""",IFERROR(INDEX(FILTER(Response_Lists!$B:$B,Response_Lists!$A:$A=$H5),6),""""))"),"") | P5: =IF($I4="","",IFS(H5="READABILITY","Can you read this clearly?",H5="COMPARE_1_2","Which is clearer: 1 or 2?",H5="COLOR_CHOICE","Which is clearer: RED or GREEN?",H5="TOP_BOTTOM","Which is clearer: TOP or BOTTOM?",H5="NEAR_READABILITY","Can you read the near target clearly?",H5="NEAR_BINOC","Is near clear and comfortable? (TARGET_OK/NOT_CLEAR)",TRUE,"")) -> Can you read this clearly? | Q5: {=IF($I4="","",XLOOKUP(C5,FSM_State_Map!A:A,FSM_State_Map!D:D,""))} -> BIN | R5: =IF($I4="","",IF(AND(C5="D",C4<>"D"),INDEX($R$2:R4,MATCH("B",$C$2:C4,0)),AU4)) -> 70_60_50 | S5: {=IF($I4="","", IF( AND(C5="B",C4<>"B"), XLOOKUP($B5,Derived_Variables!$A:$A,Derived_Variables!$K:$K,0) + XLOOKUP($B5,Derived_Variables!$A:$A,Derived_Variables!$AE:$AE,0), S4+AM4 ))} -> -1.5 | T5: =IF($I4="","",T4+AN4) -> -0.5 | U5: =IF($I4="","",U4+AO4) -> 0 | V5: {=IF($I4="","", IF( AND(C5="D",C4<>"D"), XLOOKUP($B5,Derived_Variables!$A:$A,Derived_Variables!$N:$N,0) + XLOOKUP($B5,Derived_Variables!$A:$A,Derived_Variables!$AE:$AE,0), V4+AP4 ))} -> -1 | W5: =IF($I4="","",W4+AQ4) -> 0 | X5: =IF($I4="","",X4+AR4) -> 0 | Y5: {=IF($I4="","",IF(AND(C5="P",C4<>"P"),IFERROR(XLOOKUP($B5,Lenso_Input!$A:$A,Lenso_Input!$E:$E,0),0),Y4+AS4))} -> 0 | Z5: {=IF($I4="","",IF(AND(C5="Q",C4<>"Q"),IFERROR(XLOOKUP($B5,Lenso_Input!$A:$A,Lenso_Input!$I:$I,0),0),Z4+AT4))} -> 0 | AA5: {=IF($I4="","",IF(XLOOKUP($B5,Derived_Variables!$A:$A,Derived_Variables!$R:$R,"6/6_target")="6/6_target","20_20_20","40_30_25"))} -> 20_20_20 | AB5: {=IF($I4="","",XLOOKUP(LOWER(XLOOKUP($B5,Derived_Variables!$A:$A,Derived_Variables!$T:$T,"Standard"))&"_sph_step",Calibration!$B:$B,Calibration!$C:$C,0.25))} -> 0.25 | AC5: {=IF($I4="","",XLOOKUP(LOWER(XLOOKUP($B5,Derived_Variables!$A:$A,Derived_Variables!$T:$T,"Standard"))&"_cyl_step",Calibration!$B:$B,Calibration!$C:$C,0.25))} -> 0.25 | AD5: {=IF($I4="","",IF(OR(C5="E",C5="H"),LET(startStep,XLOOKUP("axis_start_step",Calibration!$B:$B,Calibration!$C:$C,5),step1,XLOOKUP("axis_reversal_step_1",Calibration!$B:$B,Calibration!$C:$C,3),step2,XLOOKUP("axis_reversal_step_2",Calibration!$B:$B,Calibration!$C:$C,1),IF(OR(C4<>C5,AZ5="",AZ5="SAME",AZ5="CANT_TELL",I5="",I5="SAME",I5="CANT_TELL"),startStep,IF(OR(AND(AZ5="BETTER_1",I5="BETTER_2"),AND(AZ5="BETTER_2",I5="BETTER_1")),IF(AD4>step1,step1,step2),AD4))),0))} -> 0 | AE5: {=IF($I4="","",XLOOKUP($B5,Derived_Variables!$A:$A,Derived_Variables!$AD:$AD,"No_Fog"))} -> Strong_Fog | AF5: {=IF($I4="","",XLOOKUP($B5,Derived_Variables!$A:$A,Derived_Variables!$AE:$AE,0))} -> 1 | AG5: {=IF($I4="","",XLOOKUP($B5,Derived_Variables!$A:$A,Derived_Variables!$AF:$AF,""))} -> StepDown_0.25 | AH5: {=IF($I4="","",XLOOKUP($B5,Derived_Variables!$A:$A,Derived_Variables!$AG:$AG,""))} -> Low | AI5: {=IF($I4="","",XLOOKUP($B5,Derived_Variables!$A:$A,Derived_Variables!$AC:$AC,"Medium"))} -> Low | AJ5: {=IF($I4="","",XLOOKUP($B5,Derived_Variables!$A:$A,Derived_Variables!$Y:$Y,FALSE))} -> FALSE | AK5: {=IF($I4="","",XLOOKUP($B5,Derived_Variables!$A:$A,Derived_Variables!$AA:$AA,"Normal"))} -> Slow | AL5: {=IF($I4="","",XLOOKUP($B5,Derived_Variables!$A:$A,Derived_Variables!$AB:$AB,"Normal"))} -> Relaxed | AM5: {=IF($I5="","",IFS(C5="B",IF(OR(I5="NOT_READABLE",I5="BLURRY"),-AB5,0),C5="G",IFS(I5="RED_CLEARER",XLOOKUP("duochrome_red_step",Calibration!$B:$B,Calibration!$C:$C,-0.25),I5="GREEN_CLEARER",XLOOKUP("duochrome_green_step",Calibration!$B:$B,Calibration!$C:$C,0.25),I5="EQUAL",IF(XLOOKUP($B5,Derived_Variables!$A:$A,Derived_Variables!$S:$S,"Neutral")="Undercorrect",XLOOKUP("undercorrect_step",Calibration!$B:$B,Calibration!$C:$C,0.25),IF(XLOOKUP($B5,Derived_Variables!$A:$A,Derived_Variables!$S:$S,"Neutral")="Overcorrect",-XLOOKUP("overcorrect_step",Calibration!$B:$B,Calibration!$C:$C,0.25),0)),TRUE,0),C5="K",IF(I5="TOP_CLEARER",XLOOKUP("bino_balance_step",Calibration!$B:$B,Calibration!$C:$C,0.25),0),TRUE,0))} -> 0 | AN5: =IF($I5="","",IF(C5="F",IFS(I5="BETTER_1",AC5,I5="BETTER_2",-AC5,TRUE,0),0)) -> 0 | AO5: =IF($I5="","",IF(C5="E",IFS(I5="BETTER_1",-AD5,I5="BETTER_2",AD5,TRUE,0),0)) -> 0 | AP5: {=IF($I5="","",IFS(C5="D",IF(OR(I5="NOT_READABLE",I5="BLURRY"),-AB5,0),C5="J",IFS(I5="RED_CLEARER",XLOOKUP("duochrome_red_step",Calibration!$B:$B,Calibration!$C:$C,-0.25),I5="GREEN_CLEARER",XLOOKUP("duochrome_green_step",Calibration!$B:$B,Calibration!$C:$C,0.25),I5="EQUAL",IF(XLOOKUP($B5,Derived_Variables!$A:$A,Derived_Variables!$S:$S,"Neutral")="Undercorrect",XLOOKUP("undercorrect_step",Calibration!$B:$B,Calibration!$C:$C,0.25),IF(XLOOKUP($B5,Derived_Variables!$A:$A,Derived_Variables!$S:$S,"Neutral")="Overcorrect",-XLOOKUP("overcorrect_step",Calibration!$B:$B,Calibration!$C:$C,0.25),0)),TRUE,0),C5="K",IF(I5="BOTTOM_CLEARER",XLOOKUP("bino_balance_step",Calibration!$B:$B,Calibration!$C:$C,0.25),0),TRUE,0))} -> 0 | AQ5: =IF($I5="","",IF(C5="I",IFS(I5="BETTER_1",AC5,I5="BETTER_2",-AC5,TRUE,0),0)) -> 0 | AR5: =IF($I5="","",IF(C5="H",IFS(I5="BETTER_1",-AD5,I5="BETTER_2",AD5,TRUE,0),0)) -> 0 | AS5: {=IF($I5="","",IF(C5="P",IF(OR(I5="NOT_READABLE",I5="BLURRY"),XLOOKUP("near_add_step",Calibration!$B:$B,Calibration!$C:$C,0.25),0),IF(C5="R",IF(I5="NOT_CLEAR",XLOOKUP("near_add_step",Calibration!$B:$B,Calibration!$C:$C,0.25),0),0)))} -> 0 | AT5: {=IF($I5="","",IF(C5="Q",IF(OR(I5="NOT_READABLE",I5="BLURRY"),XLOOKUP("near_add_step",Calibration!$B:$B,Calibration!$C:$C,0.25),0),IF(C5="R",IF(I5="NOT_CLEAR",XLOOKUP("near_add_step",Calibration!$B:$B,Calibration!$C:$C,0.25),0),0)))} -> 0 | AU5: {=IF($I5="","",IF(G5="SNELLEN_FEET",IF(I5="READABLE",IFERROR(XLOOKUP(XLOOKUP(R5,Chart_Scale_Distance!B:B,Chart_Scale_Distance!A:A)+1,Chart_Scale_Distance!A:A,Chart_Scale_Distance!B:B),R5),R5),R5))} -> 40_30_25 | AV5: {=IF($I4="","",IFERROR(XLOOKUP(R5,Chart_Scale_Distance!$B:$B,Chart_Scale_Distance!$A:$A,""),""))} -> 4 | AW5: {=IF($I4="","",IFERROR(XLOOKUP(AA5,Chart_Scale_Distance!$B:$B,Chart_Scale_Distance!$A:$A,""),""))} -> 6 | AX5: =IF($I5="","", IF( OR(C5="G",C5="J"), IF( AND(C4=C5,I5="EQUAL",I4="EQUAL"), AX4+1, IF(I5="EQUAL",1,0) ), IF(I5<>"SAME",0,IF(C5=C4,AX4+1,1)) ) ) -> 0 | AY5: =IF($I5="","",COUNTIFS($B$2:B5,$B5,$C$2:C5,$C5)) -> 4 | AZ5: =IF($I4="","",IF(AND(OR(C5="E",C5="H"),OR(C4="E",C4="H")),I4,"")) | BA5: =IF($I5="","",IF(OR(C5="G",C5="J"),BA4+1,0)) -> 0 | BB5: =IF($I5="","", IF( OR(C5="G",C5="J"), IF( C4<>C5, 0, IF( OR( AND(I5="RED_CLEARER",I4="GREEN_CLEARER"), AND(I5="GREEN_CLEARER",I4="RED_CLEARER") ), BB4+1, BB4 ) ), 0 ) ) -> 0 | BC5: {=IF($I5="","",LET( conf,AI5, powerSameN,IF(conf="Low",XLOOKUP("jcc_power_same_low",Calibration!$B:$B,Calibration!$C:$C,1),IF(conf="Medium",XLOOKUP("jcc_power_same_medium",Calibration!$B:$B,Calibration!$C:$C,2),XLOOKUP("jcc_power_same_high",Calibration!$B:$B,Calibration!$C:$C,2))), duoEqualN,XLOOKUP("duochrome_equal_confirmations",Calibration!$B:$B,Calibration!$C:$C,2), duoMax,XLOOKUP($B5,Derived_Variables!$A:$A,Derived_Variables!$AI:$AI,4), axisTol,XLOOKUP($B5,Derived_Variables!$A:$A,Derived_Variables!$W:$W,1), maxStart,XLOOKUP($B5,Derived_Variables!$A:$A,Derived_Variables!$U:$U,1.25), maxAR,XLOOKUP($B5,Derived_Variables!$A:$A,Derived_Variables!$V:$V,3), anom,XLOOKUP($B5,Derived_Variables!$A:$A,Derived_Variables!$Z:$Z,FALSE), reStart,XLOOKUP($B5,Derived_Variables!$A:$A,Derived_Variables!$K:$K,0), leStart,XLOOKUP($B5,Derived_Variables!$A:$A,Derived_Variables!$N:$N,0), reAR,XLOOKUP($B5,AR_Input!$A:$A,AR_Input!$B:$B,reStart), leAR,XLOOKUP($B5,AR_Input!$A:$A,AR_Input!$E:$E,leStart), reEsc,AND(anom,OR(ABS((S5+AM5)-reStart)>maxStart,ABS((S5+AM5)-reAR)>maxAR)), leEsc,AND(anom,OR(ABS((V5+AP5)-leStart)>maxStart,ABS((V5+AP5)-leAR)>maxAR)), phaseMax,IFS( AK5="Fast", IFS( OR(C5="B",C5="D"),XLOOKUP("timeout_coarse_fast",Calibration!$B:$B,Calibration!$C:$C,24), OR(C5="E",C5="F",C5="H",C5="I"),XLOOKUP("timeout_jcc_fast",Calibration!$B:$B,Calibration!$C:$C,10), OR(C5="G",C5="J"),XLOOKUP("timeout_duochrome_fast",Calibration!$B:$B,Calibration!$C:$C,8), C5="K",XLOOKUP("timeout_bino_fast",Calibration!$B:$B,Calibration!$C:$C,10), OR(C5="P",C5="Q",C5="R"),XLOOKUP("timeout_near_fast",Calibration!$B:$B,Calibration!$C:$C,16), TRUE,XLOOKUP("timeout_coarse_fast",Calibration!$B:$B,Calibration!$C:$C,24) ), AK5="Normal", IFS( OR(C5="B",C5="D"),XLOOKUP("timeout_coarse_normal",Calibration!$B:$B,Calibration!$C:$C,36), OR(C5="E",C5="F",C5="H",C5="I"),XLOOKUP("timeout_jcc_normal",Calibration!$B:$B,Calibration!$C:$C,14), OR(C5="G",C5="J"),XLOOKUP("timeout_duochrome_normal",Calibration!$B:$B,Calibration!$C:$C,10), C5="K",XLOOKUP("timeout_bino_normal",Calibration!$B:$B,Calibration!$C:$C,14), OR(C5="P",C5="Q",C5="R"),XLOOKUP("timeout_near_normal",Calibration!$B:$B,Calibration!$C:$C,22), TRUE,XLOOKUP("timeout_coarse_normal",Calibration!$B:$B,Calibration!$C:$C,36) ), TRUE, IFS( OR(C5="B",C5="D"),XLOOKUP("timeout_coarse_slow",Calibration!$B:$B,Calibration!$C:$C,48), OR(C5="E",C5="F",C5="H",C5="I"),XLOOKUP("timeout_jcc_slow",Calibration!$B:$B,Calibration!$C:$C,18), OR(C5="G",C5="J"),XLOOKUP("timeout_duochrome_slow",Calibration!$B:$B,Calibration!$C:$C,12), C5="K",XLOOKUP("timeout_bino_slow",Calibration!$B:$B,Calibration!$C:$C,18), OR(C5="P",C5="Q",C5="R"),XLOOKUP("timeout_near_slow",Calibration!$B:$B,Calibration!$C:$C,28), TRUE,XLOOKUP("timeout_coarse_slow",Calibration!$B:$B,Calibration!$C:$C,48) ) ), binoSameN,XLOOKUP("bino_balance_same_required",Calibration!$B:$B,Calibration!$C:$C,1), nearTarget,XLOOKUP("near_binoc_target_response",Calibration!$B:$B,Calibration!$C:$C,"TARGET_OK"), IFS( AJ5=TRUE,"ESCALATE", C5="A", IF(OR(I5="NOT_READABLE",I5="BLURRY",AND(R5="20_20_20",I5="READABLE")),"B","A"), C5="B", IF(reEsc,"ESCALATE",IF(AY5>=phaseMax,"ESCALATE",IF(AND(AV5>=AW5,I5="READABLE"),"E","B"))), C5="E", IF(AY5>=phaseMax,"ESCALATE",IF(OR(I5="SAME",I5="CANT_TELL",AD5<axisTol),"F","E")), C5="F", IF(AY5>=phaseMax,"ESCALATE",IF(AX5>=powerSameN,"G","F")), C5="G", IF(AY5>=phaseMax,"ESCALATE",IF(OR(AX5>=duoEqualN,BB5>=duoMax),"D","G")), C5="D", IF(leEsc,"ESCALATE",IF(AY5>=phaseMax,"ESCALATE",IF(AND(AV5>=AW5,I5="READABLE"),"H","D"))), C5="H", IF(AY5>=phaseMax,"ESCALATE",IF(OR(I5="SAME",I5="CANT_TELL",AD5<axisTol),"I","H")), C5="I", IF(AY5>=phaseMax,"ESCALATE",IF(AX5>=powerSameN,"J","I")), C5="J", IF(AY5>=phaseMax,"ESCALATE",IF(OR(AX5>=duoEqualN,BB5>=duoMax),"K","J")), C5="K", IF(AY5>=phaseMax,"ESCALATE",IF(AX5>=binoSameN,IF(XLOOKUP($B5,Derived_Variables!$A:$A,Derived_Variables!$AJ:$AJ,FALSE)=TRUE,"P","END"),"K")), C5="P", IF(AY5>=phaseMax,"ESCALATE",IF(OR(I5="READABLE",I5="SAME"),"Q","P")), C5="Q", IF(AY5>=phaseMax,"ESCALATE",IF(OR(I5="READABLE",I5="SAME"),"R","Q")), C5="R", IF(AY5>=phaseMax,"ESCALATE",IF(OR(I5=nearTarget,I5="SAME"),"END","R")), TRUE,"END" )))} -> A | BD5: =IF($I4="",FALSE,TRUE) -> TRUE
A6: =A5+1 -> 5 | B6: =B5 -> 6 | C6: =IF($I5="","",BC5) -> A | D6: {=IF($I5="","",XLOOKUP(C6,FSM_State_Map!A:A,FSM_State_Map!B:B,""))} -> Distance Baseline | E6: {=IF($I5="","",XLOOKUP(C6,FSM_State_Map!A:A,FSM_State_Map!C:C,""))} -> DIST_BASELINE | F6: {=IF($I5="","",XLOOKUP(E6,Phase_UI_Map!A:A,Phase_UI_Map!B:B,""))} -> DIST_VA | G6: {=IF($I5="","",XLOOKUP(E6,Phase_UI_Map!A:A,Phase_UI_Map!C:C,""))} -> SNELLEN_FEET | H6: {=IF($I5="","",XLOOKUP(E6,Phase_UI_Map!A:A,Phase_UI_Map!D:D,""))} -> READABILITY | I6: READABLE | J6: =IFERROR(__xludf.DUMMYFUNCTION("IF($I5="""","""",IFERROR(INDEX(FILTER(Response_Lists!$B:$B,Response_Lists!$A:$A=$H6),1),""""))"),"READABLE") -> READABLE | K6: =IFERROR(__xludf.DUMMYFUNCTION("IF($I5="""","""",IFERROR(INDEX(FILTER(Response_Lists!$B:$B,Response_Lists!$A:$A=$H6),2),""""))"),"NOT_READABLE") -> NOT_READABLE | L6: =IFERROR(__xludf.DUMMYFUNCTION("IF($I5="""","""",IFERROR(INDEX(FILTER(Response_Lists!$B:$B,Response_Lists!$A:$A=$H6),3),""""))"),"BLURRY") -> BLURRY | M6: =IFERROR(__xludf.DUMMYFUNCTION("IF($I5="""","""",IFERROR(INDEX(FILTER(Response_Lists!$B:$B,Response_Lists!$A:$A=$H6),4),""""))"),"") | N6: =IFERROR(__xludf.DUMMYFUNCTION("IF($I5="""","""",IFERROR(INDEX(FILTER(Response_Lists!$B:$B,Response_Lists!$A:$A=$H6),5),""""))"),"") | O6: =IFERROR(__xludf.DUMMYFUNCTION("IF($I5="""","""",IFERROR(INDEX(FILTER(Response_Lists!$B:$B,Response_Lists!$A:$A=$H6),6),""""))"),"") | P6: =IF($I5="","",IFS(H6="READABILITY","Can you read this clearly?",H6="COMPARE_1_2","Which is clearer: 1 or 2?",H6="COLOR_CHOICE","Which is clearer: RED or GREEN?",H6="TOP_BOTTOM","Which is clearer: TOP or BOTTOM?",H6="NEAR_READABILITY","Can you read the near target clearly?",H6="NEAR_BINOC","Is near clear and comfortable? (TARGET_OK/NOT_CLEAR)",TRUE,"")) -> Can you read this clearly? | Q6: {=IF($I5="","",XLOOKUP(C6,FSM_State_Map!A:A,FSM_State_Map!D:D,""))} -> BIN | R6: =IF($I5="","",IF(AND(C6="D",C5<>"D"),INDEX($R$2:R5,MATCH("B",$C$2:C5,0)),AU5)) -> 40_30_25 | S6: {=IF($I5="","", IF( AND(C6="B",C5<>"B"), XLOOKUP($B6,Derived_Variables!$A:$A,Derived_Variables!$K:$K,0) + XLOOKUP($B6,Derived_Variables!$A:$A,Derived_Variables!$AE:$AE,0), S5+AM5 ))} -> -1.5 | T6: =IF($I5="","",T5+AN5) -> -0.5 | U6: =IF($I5="","",U5+AO5) -> 0 | V6: {=IF($I5="","", IF( AND(C6="D",C5<>"D"), XLOOKUP($B6,Derived_Variables!$A:$A,Derived_Variables!$N:$N,0) + XLOOKUP($B6,Derived_Variables!$A:$A,Derived_Variables!$AE:$AE,0), V5+AP5 ))} -> -1 | W6: =IF($I5="","",W5+AQ5) -> 0 | X6: =IF($I5="","",X5+AR5) -> 0 | Y6: {=IF($I5="","",IF(AND(C6="P",C5<>"P"),IFERROR(XLOOKUP($B6,Lenso_Input!$A:$A,Lenso_Input!$E:$E,0),0),Y5+AS5))} -> 0 | Z6: {=IF($I5="","",IF(AND(C6="Q",C5<>"Q"),IFERROR(XLOOKUP($B6,Lenso_Input!$A:$A,Lenso_Input!$I:$I,0),0),Z5+AT5))} -> 0 | AA6: {=IF($I5="","",IF(XLOOKUP($B6,Derived_Variables!$A:$A,Derived_Variables!$R:$R,"6/6_target")="6/6_target","20_20_20","40_30_25"))} -> 20_20_20 | AB6: {=IF($I5="","",XLOOKUP(LOWER(XLOOKUP($B6,Derived_Variables!$A:$A,Derived_Variables!$T:$T,"Standard"))&"_sph_step",Calibration!$B:$B,Calibration!$C:$C,0.25))} -> 0.25 | AC6: {=IF($I5="","",XLOOKUP(LOWER(XLOOKUP($B6,Derived_Variables!$A:$A,Derived_Variables!$T:$T,"Standard"))&"_cyl_step",Calibration!$B:$B,Calibration!$C:$C,0.25))} -> 0.25 | AD6: {=IF($I5="","",IF(OR(C6="E",C6="H"),LET(startStep,XLOOKUP("axis_start_step",Calibration!$B:$B,Calibration!$C:$C,5),step1,XLOOKUP("axis_reversal_step_1",Calibration!$B:$B,Calibration!$C:$C,3),step2,XLOOKUP("axis_reversal_step_2",Calibration!$B:$B,Calibration!$C:$C,1),IF(OR(C5<>C6,AZ6="",AZ6="SAME",AZ6="CANT_TELL",I6="",I6="SAME",I6="CANT_TELL"),startStep,IF(OR(AND(AZ6="BETTER_1",I6="BETTER_2"),AND(AZ6="BETTER_2",I6="BETTER_1")),IF(AD5>step1,step1,step2),AD5))),0))} -> 0 | AE6: {=IF($I5="","",XLOOKUP($B6,Derived_Variables!$A:$A,Derived_Variables!$AD:$AD,"No_Fog"))} -> Strong_Fog | AF6: {=IF($I5="","",XLOOKUP($B6,Derived_Variables!$A:$A,Derived_Variables!$AE:$AE,0))} -> 1 | AG6: {=IF($I5="","",XLOOKUP($B6,Derived_Variables!$A:$A,Derived_Variables!$AF:$AF,""))} -> StepDown_0.25 | AH6: {=IF($I5="","",XLOOKUP($B6,Derived_Variables!$A:$A,Derived_Variables!$AG:$AG,""))} -> Low | AI6: {=IF($I5="","",XLOOKUP($B6,Derived_Variables!$A:$A,Derived_Variables!$AC:$AC,"Medium"))} -> Low | AJ6: {=IF($I5="","",XLOOKUP($B6,Derived_Variables!$A:$A,Derived_Variables!$Y:$Y,FALSE))} -> FALSE | AK6: {=IF($I5="","",XLOOKUP($B6,Derived_Variables!$A:$A,Derived_Variables!$AA:$AA,"Normal"))} -> Slow | AL6: {=IF($I5="","",XLOOKUP($B6,Derived_Variables!$A:$A,Derived_Variables!$AB:$AB,"Normal"))} -> Relaxed | AM6: {=IF($I6="","",IFS(C6="B",IF(OR(I6="NOT_READABLE",I6="BLURRY"),-AB6,0),C6="G",IFS(I6="RED_CLEARER",XLOOKUP("duochrome_red_step",Calibration!$B:$B,Calibration!$C:$C,-0.25),I6="GREEN_CLEARER",XLOOKUP("duochrome_green_step",Calibration!$B:$B,Calibration!$C:$C,0.25),I6="EQUAL",IF(XLOOKUP($B6,Derived_Variables!$A:$A,Derived_Variables!$S:$S,"Neutral")="Undercorrect",XLOOKUP("undercorrect_step",Calibration!$B:$B,Calibration!$C:$C,0.25),IF(XLOOKUP($B6,Derived_Variables!$A:$A,Derived_Variables!$S:$S,"Neutral")="Overcorrect",-XLOOKUP("overcorrect_step",Calibration!$B:$B,Calibration!$C:$C,0.25),0)),TRUE,0),C6="K",IF(I6="TOP_CLEARER",XLOOKUP("bino_balance_step",Calibration!$B:$B,Calibration!$C:$C,0.25),0),TRUE,0))} -> 0 | AN6: =IF($I6="","",IF(C6="F",IFS(I6="BETTER_1",AC6,I6="BETTER_2",-AC6,TRUE,0),0)) -> 0 | AO6: =IF($I6="","",IF(C6="E",IFS(I6="BETTER_1",-AD6,I6="BETTER_2",AD6,TRUE,0),0)) -> 0 | AP6: {=IF($I6="","",IFS(C6="D",IF(OR(I6="NOT_READABLE",I6="BLURRY"),-AB6,0),C6="J",IFS(I6="RED_CLEARER",XLOOKUP("duochrome_red_step",Calibration!$B:$B,Calibration!$C:$C,-0.25),I6="GREEN_CLEARER",XLOOKUP("duochrome_green_step",Calibration!$B:$B,Calibration!$C:$C,0.25),I6="EQUAL",IF(XLOOKUP($B6,Derived_Variables!$A:$A,Derived_Variables!$S:$S,"Neutral")="Undercorrect",XLOOKUP("undercorrect_step",Calibration!$B:$B,Calibration!$C:$C,0.25),IF(XLOOKUP($B6,Derived_Variables!$A:$A,Derived_Variables!$S:$S,"Neutral")="Overcorrect",-XLOOKUP("overcorrect_step",Calibration!$B:$B,Calibration!$C:$C,0.25),0)),TRUE,0),C6="K",IF(I6="BOTTOM_CLEARER",XLOOKUP("bino_balance_step",Calibration!$B:$B,Calibration!$C:$C,0.25),0),TRUE,0))} -> 0 | AQ6: =IF($I6="","",IF(C6="I",IFS(I6="BETTER_1",AC6,I6="BETTER_2",-AC6,TRUE,0),0)) -> 0 | AR6: =IF($I6="","",IF(C6="H",IFS(I6="BETTER_1",-AD6,I6="BETTER_2",AD6,TRUE,0),0)) -> 0 | AS6: {=IF($I6="","",IF(C6="P",IF(OR(I6="NOT_READABLE",I6="BLURRY"),XLOOKUP("near_add_step",Calibration!$B:$B,Calibration!$C:$C,0.25),0),IF(C6="R",IF(I6="NOT_CLEAR",XLOOKUP("near_add_step",Calibration!$B:$B,Calibration!$C:$C,0.25),0),0)))} -> 0 | AT6: {=IF($I6="","",IF(C6="Q",IF(OR(I6="NOT_READABLE",I6="BLURRY"),XLOOKUP("near_add_step",Calibration!$B:$B,Calibration!$C:$C,0.25),0),IF(C6="R",IF(I6="NOT_CLEAR",XLOOKUP("near_add_step",Calibration!$B:$B,Calibration!$C:$C,0.25),0),0)))} -> 0 | AU6: {=IF($I6="","",IF(G6="SNELLEN_FEET",IF(I6="READABLE",IFERROR(XLOOKUP(XLOOKUP(R6,Chart_Scale_Distance!B:B,Chart_Scale_Distance!A:A)+1,Chart_Scale_Distance!A:A,Chart_Scale_Distance!B:B),R6),R6),R6))} -> 20_20_20 | AV6: {=IF($I5="","",IFERROR(XLOOKUP(R6,Chart_Scale_Distance!$B:$B,Chart_Scale_Distance!$A:$A,""),""))} -> 5 | AW6: {=IF($I5="","",IFERROR(XLOOKUP(AA6,Chart_Scale_Distance!$B:$B,Chart_Scale_Distance!$A:$A,""),""))} -> 6 | AX6: =IF($I6="","", IF( OR(C6="G",C6="J"), IF( AND(C5=C6,I6="EQUAL",I5="EQUAL"), AX5+1, IF(I6="EQUAL",1,0) ), IF(I6<>"SAME",0,IF(C6=C5,AX5+1,1)) ) ) -> 0 | AY6: =IF($I6="","",COUNTIFS($B$2:B6,$B6,$C$2:C6,$C6)) -> 5 | AZ6: =IF($I5="","",IF(AND(OR(C6="E",C6="H"),OR(C5="E",C5="H")),I5,"")) | BA6: =IF($I6="","",IF(OR(C6="G",C6="J"),BA5+1,0)) -> 0 | BB6: =IF($I6="","", IF( OR(C6="G",C6="J"), IF( C5<>C6, 0, IF( OR( AND(I6="RED_CLEARER",I5="GREEN_CLEARER"), AND(I6="GREEN_CLEARER",I5="RED_CLEARER") ), BB5+1, BB5 ) ), 0 ) ) -> 0 | BC6: {=IF($I6="","",LET( conf,AI6, powerSameN,IF(conf="Low",XLOOKUP("jcc_power_same_low",Calibration!$B:$B,Calibration!$C:$C,1),IF(conf="Medium",XLOOKUP("jcc_power_same_medium",Calibration!$B:$B,Calibration!$C:$C,2),XLOOKUP("jcc_power_same_high",Calibration!$B:$B,Calibration!$C:$C,2))), duoEqualN,XLOOKUP("duochrome_equal_confirmations",Calibration!$B:$B,Calibration!$C:$C,2), duoMax,XLOOKUP($B6,Derived_Variables!$A:$A,Derived_Variables!$AI:$AI,4), axisTol,XLOOKUP($B6,Derived_Variables!$A:$A,Derived_Variables!$W:$W,1), maxStart,XLOOKUP($B6,Derived_Variables!$A:$A,Derived_Variables!$U:$U,1.25), maxAR,XLOOKUP($B6,Derived_Variables!$A:$A,Derived_Variables!$V:$V,3), anom,XLOOKUP($B6,Derived_Variables!$A:$A,Derived_Variables!$Z:$Z,FALSE), reStart,XLOOKUP($B6,Derived_Variables!$A:$A,Derived_Variables!$K:$K,0), leStart,XLOOKUP($B6,Derived_Variables!$A:$A,Derived_Variables!$N:$N,0), reAR,XLOOKUP($B6,AR_Input!$A:$A,AR_Input!$B:$B,reStart), leAR,XLOOKUP($B6,AR_Input!$A:$A,AR_Input!$E:$E,leStart), reEsc,AND(anom,OR(ABS((S6+AM6)-reStart)>maxStart,ABS((S6+AM6)-reAR)>maxAR)), leEsc,AND(anom,OR(ABS((V6+AP6)-leStart)>maxStart,ABS((V6+AP6)-leAR)>maxAR)), phaseMax,IFS( AK6="Fast", IFS( OR(C6="B",C6="D"),XLOOKUP("timeout_coarse_fast",Calibration!$B:$B,Calibration!$C:$C,24), OR(C6="E",C6="F",C6="H",C6="I"),XLOOKUP("timeout_jcc_fast",Calibration!$B:$B,Calibration!$C:$C,10), OR(C6="G",C6="J"),XLOOKUP("timeout_duochrome_fast",Calibration!$B:$B,Calibration!$C:$C,8), C6="K",XLOOKUP("timeout_bino_fast",Calibration!$B:$B,Calibration!$C:$C,10), OR(C6="P",C6="Q",C6="R"),XLOOKUP("timeout_near_fast",Calibration!$B:$B,Calibration!$C:$C,16), TRUE,XLOOKUP("timeout_coarse_fast",Calibration!$B:$B,Calibration!$C:$C,24) ), AK6="Normal", IFS( OR(C6="B",C6="D"),XLOOKUP("timeout_coarse_normal",Calibration!$B:$B,Calibration!$C:$C,36), OR(C6="E",C6="F",C6="H",C6="I"),XLOOKUP("timeout_jcc_normal",Calibration!$B:$B,Calibration!$C:$C,14), OR(C6="G",C6="J"),XLOOKUP("timeout_duochrome_normal",Calibration!$B:$B,Calibration!$C:$C,10), C6="K",XLOOKUP("timeout_bino_normal",Calibration!$B:$B,Calibration!$C:$C,14), OR(C6="P",C6="Q",C6="R"),XLOOKUP("timeout_near_normal",Calibration!$B:$B,Calibration!$C:$C,22), TRUE,XLOOKUP("timeout_coarse_normal",Calibration!$B:$B,Calibration!$C:$C,36) ), TRUE, IFS( OR(C6="B",C6="D"),XLOOKUP("timeout_coarse_slow",Calibration!$B:$B,Calibration!$C:$C,48), OR(C6="E",C6="F",C6="H",C6="I"),XLOOKUP("timeout_jcc_slow",Calibration!$B:$B,Calibration!$C:$C,18), OR(C6="G",C6="J"),XLOOKUP("timeout_duochrome_slow",Calibration!$B:$B,Calibration!$C:$C,12), C6="K",XLOOKUP("timeout_bino_slow",Calibration!$B:$B,Calibration!$C:$C,18), OR(C6="P",C6="Q",C6="R"),XLOOKUP("timeout_near_slow",Calibration!$B:$B,Calibration!$C:$C,28), TRUE,XLOOKUP("timeout_coarse_slow",Calibration!$B:$B,Calibration!$C:$C,48) ) ), binoSameN,XLOOKUP("bino_balance_same_required",Calibration!$B:$B,Calibration!$C:$C,1), nearTarget,XLOOKUP("near_binoc_target_response",Calibration!$B:$B,Calibration!$C:$C,"TARGET_OK"), IFS( AJ6=TRUE,"ESCALATE", C6="A", IF(OR(I6="NOT_READABLE",I6="BLURRY",AND(R6="20_20_20",I6="READABLE")),"B","A"), C6="B", IF(reEsc,"ESCALATE",IF(AY6>=phaseMax,"ESCALATE",IF(AND(AV6>=AW6,I6="READABLE"),"E","B"))), C6="E", IF(AY6>=phaseMax,"ESCALATE",IF(OR(I6="SAME",I6="CANT_TELL",AD6<axisTol),"F","E")), C6="F", IF(AY6>=phaseMax,"ESCALATE",IF(AX6>=powerSameN,"G","F")), C6="G", IF(AY6>=phaseMax,"ESCALATE",IF(OR(AX6>=duoEqualN,BB6>=duoMax),"D","G")), C6="D", IF(leEsc,"ESCALATE",IF(AY6>=phaseMax,"ESCALATE",IF(AND(AV6>=AW6,I6="READABLE"),"H","D"))), C6="H", IF(AY6>=phaseMax,"ESCALATE",IF(OR(I6="SAME",I6="CANT_TELL",AD6<axisTol),"I","H")), C6="I", IF(AY6>=phaseMax,"ESCALATE",IF(AX6>=powerSameN,"J","I")), C6="J", IF(AY6>=phaseMax,"ESCALATE",IF(OR(AX6>=duoEqualN,BB6>=duoMax),"K","J")), C6="K", IF(AY6>=phaseMax,"ESCALATE",IF(AX6>=binoSameN,IF(XLOOKUP($B6,Derived_Variables!$A:$A,Derived_Variables!$AJ:$AJ,FALSE)=TRUE,"P","END"),"K")), C6="P", IF(AY6>=phaseMax,"ESCALATE",IF(OR(I6="READABLE",I6="SAME"),"Q","P")), C6="Q", IF(AY6>=phaseMax,"ESCALATE",IF(OR(I6="READABLE",I6="SAME"),"R","Q")), C6="R", IF(AY6>=phaseMax,"ESCALATE",IF(OR(I6=nearTarget,I6="SAME"),"END","R")), TRUE,"END" )))} -> A | BD6: =IF($I5="",FALSE,TRUE) -> TRUE
A7: =A6+1 -> 6 | B7: =B6 -> 6 | C7: =IF($I6="","",BC6) -> A | D7: {=IF($I6="","",XLOOKUP(C7,FSM_State_Map!A:A,FSM_State_Map!B:B,""))} -> Distance Baseline | E7: {=IF($I6="","",XLOOKUP(C7,FSM_State_Map!A:A,FSM_State_Map!C:C,""))} -> DIST_BASELINE | F7: {=IF($I6="","",XLOOKUP(E7,Phase_UI_Map!A:A,Phase_UI_Map!B:B,""))} -> DIST_VA | G7: {=IF($I6="","",XLOOKUP(E7,Phase_UI_Map!A:A,Phase_UI_Map!C:C,""))} -> SNELLEN_FEET | H7: {=IF($I6="","",XLOOKUP(E7,Phase_UI_Map!A:A,Phase_UI_Map!D:D,""))} -> READABILITY | I7: READABLE | J7: =IFERROR(__xludf.DUMMYFUNCTION("IF($I6="""","""",IFERROR(INDEX(FILTER(Response_Lists!$B:$B,Response_Lists!$A:$A=$H7),1),""""))"),"READABLE") -> READABLE | K7: =IFERROR(__xludf.DUMMYFUNCTION("IF($I6="""","""",IFERROR(INDEX(FILTER(Response_Lists!$B:$B,Response_Lists!$A:$A=$H7),2),""""))"),"NOT_READABLE") -> NOT_READABLE | L7: =IFERROR(__xludf.DUMMYFUNCTION("IF($I6="""","""",IFERROR(INDEX(FILTER(Response_Lists!$B:$B,Response_Lists!$A:$A=$H7),3),""""))"),"BLURRY") -> BLURRY | M7: =IFERROR(__xludf.DUMMYFUNCTION("IF($I6="""","""",IFERROR(INDEX(FILTER(Response_Lists!$B:$B,Response_Lists!$A:$A=$H7),4),""""))"),"") | N7: =IFERROR(__xludf.DUMMYFUNCTION("IF($I6="""","""",IFERROR(INDEX(FILTER(Response_Lists!$B:$B,Response_Lists!$A:$A=$H7),5),""""))"),"") | O7: =IFERROR(__xludf.DUMMYFUNCTION("IF($I6="""","""",IFERROR(INDEX(FILTER(Response_Lists!$B:$B,Response_Lists!$A:$A=$H7),6),""""))"),"") | P7: =IF($I6="","",IFS(H7="READABILITY","Can you read this clearly?",H7="COMPARE_1_2","Which is clearer: 1 or 2?",H7="COLOR_CHOICE","Which is clearer: RED or GREEN?",H7="TOP_BOTTOM","Which is clearer: TOP or BOTTOM?",H7="NEAR_READABILITY","Can you read the near target clearly?",H7="NEAR_BINOC","Is near clear and comfortable? (TARGET_OK/NOT_CLEAR)",TRUE,"")) -> Can you read this clearly? | Q7: {=IF($I6="","",XLOOKUP(C7,FSM_State_Map!A:A,FSM_State_Map!D:D,""))} -> BIN | R7: =IF($I6="","",IF(AND(C7="D",C6<>"D"),INDEX($R$2:R6,MATCH("B",$C$2:C6,0)),AU6)) -> 20_20_20 | S7: {=IF($I6="","", IF( AND(C7="B",C6<>"B"), XLOOKUP($B7,Derived_Variables!$A:$A,Derived_Variables!$K:$K,0) + XLOOKUP($B7,Derived_Variables!$A:$A,Derived_Variables!$AE:$AE,0), S6+AM6 ))} -> -1.5 | T7: =IF($I6="","",T6+AN6) -> -0.5 | U7: =IF($I6="","",U6+AO6) -> 0 | V7: {=IF($I6="","", IF( AND(C7="D",C6<>"D"), XLOOKUP($B7,Derived_Variables!$A:$A,Derived_Variables!$N:$N,0) + XLOOKUP($B7,Derived_Variables!$A:$A,Derived_Variables!$AE:$AE,0), V6+AP6 ))} -> -1 | W7: =IF($I6="","",W6+AQ6) -> 0 | X7: =IF($I6="","",X6+AR6) -> 0 | Y7: {=IF($I6="","",IF(AND(C7="P",C6<>"P"),IFERROR(XLOOKUP($B7,Lenso_Input!$A:$A,Lenso_Input!$E:$E,0),0),Y6+AS6))} -> 0 | Z7: {=IF($I6="","",IF(AND(C7="Q",C6<>"Q"),IFERROR(XLOOKUP($B7,Lenso_Input!$A:$A,Lenso_Input!$I:$I,0),0),Z6+AT6))} -> 0 | AA7: {=IF($I6="","",IF(XLOOKUP($B7,Derived_Variables!$A:$A,Derived_Variables!$R:$R,"6/6_target")="6/6_target","20_20_20","40_30_25"))} -> 20_20_20 | AB7: {=IF($I6="","",XLOOKUP(LOWER(XLOOKUP($B7,Derived_Variables!$A:$A,Derived_Variables!$T:$T,"Standard"))&"_sph_step",Calibration!$B:$B,Calibration!$C:$C,0.25))} -> 0.25 | AC7: {=IF($I6="","",XLOOKUP(LOWER(XLOOKUP($B7,Derived_Variables!$A:$A,Derived_Variables!$T:$T,"Standard"))&"_cyl_step",Calibration!$B:$B,Calibration!$C:$C,0.25))} -> 0.25 | AD7: {=IF($I6="","",IF(OR(C7="E",C7="H"),LET(startStep,XLOOKUP("axis_start_step",Calibration!$B:$B,Calibration!$C:$C,5),step1,XLOOKUP("axis_reversal_step_1",Calibration!$B:$B,Calibration!$C:$C,3),step2,XLOOKUP("axis_reversal_step_2",Calibration!$B:$B,Calibration!$C:$C,1),IF(OR(C6<>C7,AZ7="",AZ7="SAME",AZ7="CANT_TELL",I7="",I7="SAME",I7="CANT_TELL"),startStep,IF(OR(AND(AZ7="BETTER_1",I7="BETTER_2"),AND(AZ7="BETTER_2",I7="BETTER_1")),IF(AD6>step1,step1,step2),AD6))),0))} -> 0 | AE7: {=IF($I6="","",XLOOKUP($B7,Derived_Variables!$A:$A,Derived_Variables!$AD:$AD,"No_Fog"))} -> Strong_Fog | AF7: {=IF($I6="","",XLOOKUP($B7,Derived_Variables!$A:$A,Derived_Variables!$AE:$AE,0))} -> 1 | AG7: {=IF($I6="","",XLOOKUP($B7,Derived_Variables!$A:$A,Derived_Variables!$AF:$AF,""))} -> StepDown_0.25 | AH7: {=IF($I6="","",XLOOKUP($B7,Derived_Variables!$A:$A,Derived_Variables!$AG:$AG,""))} -> Low | AI7: {=IF($I6="","",XLOOKUP($B7,Derived_Variables!$A:$A,Derived_Variables!$AC:$AC,"Medium"))} -> Low | AJ7: {=IF($I6="","",XLOOKUP($B7,Derived_Variables!$A:$A,Derived_Variables!$Y:$Y,FALSE))} -> FALSE | AK7: {=IF($I6="","",XLOOKUP($B7,Derived_Variables!$A:$A,Derived_Variables!$AA:$AA,"Normal"))} -> Slow | AL7: {=IF($I6="","",XLOOKUP($B7,Derived_Variables!$A:$A,Derived_Variables!$AB:$AB,"Normal"))} -> Relaxed | AM7: {=IF($I7="","",IFS(C7="B",IF(OR(I7="NOT_READABLE",I7="BLURRY"),-AB7,0),C7="G",IFS(I7="RED_CLEARER",XLOOKUP("duochrome_red_step",Calibration!$B:$B,Calibration!$C:$C,-0.25),I7="GREEN_CLEARER",XLOOKUP("duochrome_green_step",Calibration!$B:$B,Calibration!$C:$C,0.25),I7="EQUAL",IF(XLOOKUP($B7,Derived_Variables!$A:$A,Derived_Variables!$S:$S,"Neutral")="Undercorrect",XLOOKUP("undercorrect_step",Calibration!$B:$B,Calibration!$C:$C,0.25),IF(XLOOKUP($B7,Derived_Variables!$A:$A,Derived_Variables!$S:$S,"Neutral")="Overcorrect",-XLOOKUP("overcorrect_step",Calibration!$B:$B,Calibration!$C:$C,0.25),0)),TRUE,0),C7="K",IF(I7="TOP_CLEARER",XLOOKUP("bino_balance_step",Calibration!$B:$B,Calibration!$C:$C,0.25),0),TRUE,0))} -> 0 | AN7: =IF($I7="","",IF(C7="F",IFS(I7="BETTER_1",AC7,I7="BETTER_2",-AC7,TRUE,0),0)) -> 0 | AO7: =IF($I7="","",IF(C7="E",IFS(I7="BETTER_1",-AD7,I7="BETTER_2",AD7,TRUE,0),0)) -> 0 | AP7: {=IF($I7="","",IFS(C7="D",IF(OR(I7="NOT_READABLE",I7="BLURRY"),-AB7,0),C7="J",IFS(I7="RED_CLEARER",XLOOKUP("duochrome_red_step",Calibration!$B:$B,Calibration!$C:$C,-0.25),I7="GREEN_CLEARER",XLOOKUP("duochrome_green_step",Calibration!$B:$B,Calibration!$C:$C,0.25),I7="EQUAL",IF(XLOOKUP($B7,Derived_Variables!$A:$A,Derived_Variables!$S:$S,"Neutral")="Undercorrect",XLOOKUP("undercorrect_step",Calibration!$B:$B,Calibration!$C:$C,0.25),IF(XLOOKUP($B7,Derived_Variables!$A:$A,Derived_Variables!$S:$S,"Neutral")="Overcorrect",-XLOOKUP("overcorrect_step",Calibration!$B:$B,Calibration!$C:$C,0.25),0)),TRUE,0),C7="K",IF(I7="BOTTOM_CLEARER",XLOOKUP("bino_balance_step",Calibration!$B:$B,Calibration!$C:$C,0.25),0),TRUE,0))} -> 0 | AQ7: =IF($I7="","",IF(C7="I",IFS(I7="BETTER_1",AC7,I7="BETTER_2",-AC7,TRUE,0),0)) -> 0 | AR7: =IF($I7="","",IF(C7="H",IFS(I7="BETTER_1",-AD7,I7="BETTER_2",AD7,TRUE,0),0)) -> 0 | AS7: {=IF($I7="","",IF(C7="P",IF(OR(I7="NOT_READABLE",I7="BLURRY"),XLOOKUP("near_add_step",Calibration!$B:$B,Calibration!$C:$C,0.25),0),IF(C7="R",IF(I7="NOT_CLEAR",XLOOKUP("near_add_step",Calibration!$B:$B,Calibration!$C:$C,0.25),0),0)))} -> 0 | AT7: {=IF($I7="","",IF(C7="Q",IF(OR(I7="NOT_READABLE",I7="BLURRY"),XLOOKUP("near_add_step",Calibration!$B:$B,Calibration!$C:$C,0.25),0),IF(C7="R",IF(I7="NOT_CLEAR",XLOOKUP("near_add_step",Calibration!$B:$B,Calibration!$C:$C,0.25),0),0)))} -> 0 | AU7: {=IF($I7="","",IF(G7="SNELLEN_FEET",IF(I7="READABLE",IFERROR(XLOOKUP(XLOOKUP(R7,Chart_Scale_Distance!B:B,Chart_Scale_Distance!A:A)+1,Chart_Scale_Distance!A:A,Chart_Scale_Distance!B:B),R7),R7),R7))} -> 20_20_20 | AV7: {=IF($I6="","",IFERROR(XLOOKUP(R7,Chart_Scale_Distance!$B:$B,Chart_Scale_Distance!$A:$A,""),""))} -> 6 | AW7: {=IF($I6="","",IFERROR(XLOOKUP(AA7,Chart_Scale_Distance!$B:$B,Chart_Scale_Distance!$A:$A,""),""))} -> 6 | AX7: =IF($I7="","", IF( OR(C7="G",C7="J"), IF( AND(C6=C7,I7="EQUAL",I6="EQUAL"), AX6+1, IF(I7="EQUAL",1,0) ), IF(I7<>"SAME",0,IF(C7=C6,AX6+1,1)) ) ) -> 0 | AY7: =IF($I7="","",COUNTIFS($B$2:B7,$B7,$C$2:C7,$C7)) -> 6 | AZ7: =IF($I6="","",IF(AND(OR(C7="E",C7="H"),OR(C6="E",C6="H")),I6,"")) | BA7: =IF($I7="","",IF(OR(C7="G",C7="J"),BA6+1,0)) -> 0 | BB7: =IF($I7="","", IF( OR(C7="G",C7="J"), IF( C6<>C7, 0, IF( OR( AND(I7="RED_CLEARER",I6="GREEN_CLEARER"), AND(I7="GREEN_CLEARER",I6="RED_CLEARER") ), BB6+1, BB6 ) ), 0 ) ) -> 0 | BC7: {=IF($I7="","",LET( conf,AI7, powerSameN,IF(conf="Low",XLOOKUP("jcc_power_same_low",Calibration!$B:$B,Calibration!$C:$C,1),IF(conf="Medium",XLOOKUP("jcc_power_same_medium",Calibration!$B:$B,Calibration!$C:$C,2),XLOOKUP("jcc_power_same_high",Calibration!$B:$B,Calibration!$C:$C,2))), duoEqualN,XLOOKUP("duochrome_equal_confirmations",Calibration!$B:$B,Calibration!$C:$C,2), duoMax,XLOOKUP($B7,Derived_Variables!$A:$A,Derived_Variables!$AI:$AI,4), axisTol,XLOOKUP($B7,Derived_Variables!$A:$A,Derived_Variables!$W:$W,1), maxStart,XLOOKUP($B7,Derived_Variables!$A:$A,Derived_Variables!$U:$U,1.25), maxAR,XLOOKUP($B7,Derived_Variables!$A:$A,Derived_Variables!$V:$V,3), anom,XLOOKUP($B7,Derived_Variables!$A:$A,Derived_Variables!$Z:$Z,FALSE), reStart,XLOOKUP($B7,Derived_Variables!$A:$A,Derived_Variables!$K:$K,0), leStart,XLOOKUP($B7,Derived_Variables!$A:$A,Derived_Variables!$N:$N,0), reAR,XLOOKUP($B7,AR_Input!$A:$A,AR_Input!$B:$B,reStart), leAR,XLOOKUP($B7,AR_Input!$A:$A,AR_Input!$E:$E,leStart), reEsc,AND(anom,OR(ABS((S7+AM7)-reStart)>maxStart,ABS((S7+AM7)-reAR)>maxAR)), leEsc,AND(anom,OR(ABS((V7+AP7)-leStart)>maxStart,ABS((V7+AP7)-leAR)>maxAR)), phaseMax,IFS( AK7="Fast", IFS( OR(C7="B",C7="D"),XLOOKUP("timeout_coarse_fast",Calibration!$B:$B,Calibration!$C:$C,24), OR(C7="E",C7="F",C7="H",C7="I"),XLOOKUP("timeout_jcc_fast",Calibration!$B:$B,Calibration!$C:$C,10), OR(C7="G",C7="J"),XLOOKUP("timeout_duochrome_fast",Calibration!$B:$B,Calibration!$C:$C,8), C7="K",XLOOKUP("timeout_bino_fast",Calibration!$B:$B,Calibration!$C:$C,10), OR(C7="P",C7="Q",C7="R"),XLOOKUP("timeout_near_fast",Calibration!$B:$B,Calibration!$C:$C,16), TRUE,XLOOKUP("timeout_coarse_fast",Calibration!$B:$B,Calibration!$C:$C,24) ), AK7="Normal", IFS( OR(C7="B",C7="D"),XLOOKUP("timeout_coarse_normal",Calibration!$B:$B,Calibration!$C:$C,36), OR(C7="E",C7="F",C7="H",C7="I"),XLOOKUP("timeout_jcc_normal",Calibration!$B:$B,Calibration!$C:$C,14), OR(C7="G",C7="J"),XLOOKUP("timeout_duochrome_normal",Calibration!$B:$B,Calibration!$C:$C,10), C7="K",XLOOKUP("timeout_bino_normal",Calibration!$B:$B,Calibration!$C:$C,14), OR(C7="P",C7="Q",C7="R"),XLOOKUP("timeout_near_normal",Calibration!$B:$B,Calibration!$C:$C,22), TRUE,XLOOKUP("timeout_coarse_normal",Calibration!$B:$B,Calibration!$C:$C,36) ), TRUE, IFS( OR(C7="B",C7="D"),XLOOKUP("timeout_coarse_slow",Calibration!$B:$B,Calibration!$C:$C,48), OR(C7="E",C7="F",C7="H",C7="I"),XLOOKUP("timeout_jcc_slow",Calibration!$B:$B,Calibration!$C:$C,18), OR(C7="G",C7="J"),XLOOKUP("timeout_duochrome_slow",Calibration!$B:$B,Calibration!$C:$C,12), C7="K",XLOOKUP("timeout_bino_slow",Calibration!$B:$B,Calibration!$C:$C,18), OR(C7="P",C7="Q",C7="R"),XLOOKUP("timeout_near_slow",Calibration!$B:$B,Calibration!$C:$C,28), TRUE,XLOOKUP("timeout_coarse_slow",Calibration!$B:$B,Calibration!$C:$C,48) ) ), binoSameN,XLOOKUP("bino_balance_same_required",Calibration!$B:$B,Calibration!$C:$C,1), nearTarget,XLOOKUP("near_binoc_target_response",Calibration!$B:$B,Calibration!$C:$C,"TARGET_OK"), IFS( AJ7=TRUE,"ESCALATE", C7="A", IF(OR(I7="NOT_READABLE",I7="BLURRY",AND(R7="20_20_20",I7="READABLE")),"B","A"), C7="B", IF(reEsc,"ESCALATE",IF(AY7>=phaseMax,"ESCALATE",IF(AND(AV7>=AW7,I7="READABLE"),"E","B"))), C7="E", IF(AY7>=phaseMax,"ESCALATE",IF(OR(I7="SAME",I7="CANT_TELL",AD7<axisTol),"F","E")), C7="F", IF(AY7>=phaseMax,"ESCALATE",IF(AX7>=powerSameN,"G","F")), C7="G", IF(AY7>=phaseMax,"ESCALATE",IF(OR(AX7>=duoEqualN,BB7>=duoMax),"D","G")), C7="D", IF(leEsc,"ESCALATE",IF(AY7>=phaseMax,"ESCALATE",IF(AND(AV7>=AW7,I7="READABLE"),"H","D"))), C7="H", IF(AY7>=phaseMax,"ESCALATE",IF(OR(I7="SAME",I7="CANT_TELL",AD7<axisTol),"I","H")), C7="I", IF(AY7>=phaseMax,"ESCALATE",IF(AX7>=powerSameN,"J","I")), C7="J", IF(AY7>=phaseMax,"ESCALATE",IF(OR(AX7>=duoEqualN,BB7>=duoMax),"K","J")), C7="K", IF(AY7>=phaseMax,"ESCALATE",IF(AX7>=binoSameN,IF(XLOOKUP($B7,Derived_Variables!$A:$A,Derived_Variables!$AJ:$AJ,FALSE)=TRUE,"P","END"),"K")), C7="P", IF(AY7>=phaseMax,"ESCALATE",IF(OR(I7="READABLE",I7="SAME"),"Q","P")), C7="Q", IF(AY7>=phaseMax,"ESCALATE",IF(OR(I7="READABLE",I7="SAME"),"R","Q")), C7="R", IF(AY7>=phaseMax,"ESCALATE",IF(OR(I7=nearTarget,I7="SAME"),"END","R")), TRUE,"END" )))} -> B | BD7: =IF($I6="",FALSE,TRUE) -> TRUE
A8: =A7+1 -> 7 | B8: =B7 -> 6 | C8: =IF($I7="","",BC7) -> B | D8: {=IF($I7="","",XLOOKUP(C8,FSM_State_Map!A:A,FSM_State_Map!B:B,""))} -> Coarse Sphere RE | E8: {=IF($I7="","",XLOOKUP(C8,FSM_State_Map!A:A,FSM_State_Map!C:C,""))} -> COARSE_SPHERE | F8: {=IF($I7="","",XLOOKUP(E8,Phase_UI_Map!A:A,Phase_UI_Map!B:B,""))} -> COARSE_SPH | G8: {=IF($I7="","",XLOOKUP(E8,Phase_UI_Map!A:A,Phase_UI_Map!C:C,""))} -> SNELLEN_FEET | H8: {=IF($I7="","",XLOOKUP(E8,Phase_UI_Map!A:A,Phase_UI_Map!D:D,""))} -> READABILITY | I8: BLURRY | J8: =IFERROR(__xludf.DUMMYFUNCTION("IF($I7="""","""",IFERROR(INDEX(FILTER(Response_Lists!$B:$B,Response_Lists!$A:$A=$H8),1),""""))"),"READABLE") -> READABLE | K8: =IFERROR(__xludf.DUMMYFUNCTION("IF($I7="""","""",IFERROR(INDEX(FILTER(Response_Lists!$B:$B,Response_Lists!$A:$A=$H8),2),""""))"),"NOT_READABLE") -> NOT_READABLE | L8: =IFERROR(__xludf.DUMMYFUNCTION("IF($I7="""","""",IFERROR(INDEX(FILTER(Response_Lists!$B:$B,Response_Lists!$A:$A=$H8),3),""""))"),"BLURRY") -> BLURRY | M8: =IFERROR(__xludf.DUMMYFUNCTION("IF($I7="""","""",IFERROR(INDEX(FILTER(Response_Lists!$B:$B,Response_Lists!$A:$A=$H8),4),""""))"),"") | N8: =IFERROR(__xludf.DUMMYFUNCTION("IF($I7="""","""",IFERROR(INDEX(FILTER(Response_Lists!$B:$B,Response_Lists!$A:$A=$H8),5),""""))"),"") | O8: =IFERROR(__xludf.DUMMYFUNCTION("IF($I7="""","""",IFERROR(INDEX(FILTER(Response_Lists!$B:$B,Response_Lists!$A:$A=$H8),6),""""))"),"") | P8: =IF($I7="","",IFS(H8="READABILITY","Can you read this clearly?",H8="COMPARE_1_2","Which is clearer: 1 or 2?",H8="COLOR_CHOICE","Which is clearer: RED or GREEN?",H8="TOP_BOTTOM","Which is clearer: TOP or BOTTOM?",H8="NEAR_READABILITY","Can you read the near target clearly?",H8="NEAR_BINOC","Is near clear and comfortable? (TARGET_OK/NOT_CLEAR)",TRUE,"")) -> Can you read this clearly? | Q8: {=IF($I7="","",XLOOKUP(C8,FSM_State_Map!A:A,FSM_State_Map!D:D,""))} -> RE | R8: =IF($I7="","",IF(AND(C8="D",C7<>"D"),INDEX($R$2:R7,MATCH("B",$C$2:C7,0)),AU7)) -> 20_20_20 | S8: {=IF($I7="","", IF( AND(C8="B",C7<>"B"), XLOOKUP($B8,Derived_Variables!$A:$A,Derived_Variables!$K:$K,0) + XLOOKUP($B8,Derived_Variables!$A:$A,Derived_Variables!$AE:$AE,0), S7+AM7 ))} -> -0.5 | T8: =IF($I7="","",T7+AN7) -> -0.5 | U8: =IF($I7="","",U7+AO7) -> 0 | V8: {=IF($I7="","", IF( AND(C8="D",C7<>"D"), XLOOKUP($B8,Derived_Variables!$A:$A,Derived_Variables!$N:$N,0) + XLOOKUP($B8,Derived_Variables!$A:$A,Derived_Variables!$AE:$AE,0), V7+AP7 ))} -> -1 | W8: =IF($I7="","",W7+AQ7) -> 0 | X8: =IF($I7="","",X7+AR7) -> 0 | Y8: {=IF($I7="","",IF(AND(C8="P",C7<>"P"),IFERROR(XLOOKUP($B8,Lenso_Input!$A:$A,Lenso_Input!$E:$E,0),0),Y7+AS7))} -> 0 | Z8: {=IF($I7="","",IF(AND(C8="Q",C7<>"Q"),IFERROR(XLOOKUP($B8,Lenso_Input!$A:$A,Lenso_Input!$I:$I,0),0),Z7+AT7))} -> 0 | AA8: {=IF($I7="","",IF(XLOOKUP($B8,Derived_Variables!$A:$A,Derived_Variables!$R:$R,"6/6_target")="6/6_target","20_20_20","40_30_25"))} -> 20_20_20 | AB8: {=IF($I7="","",XLOOKUP(LOWER(XLOOKUP($B8,Derived_Variables!$A:$A,Derived_Variables!$T:$T,"Standard"))&"_sph_step",Calibration!$B:$B,Calibration!$C:$C,0.25))} -> 0.25 | AC8: {=IF($I7="","",XLOOKUP(LOWER(XLOOKUP($B8,Derived_Variables!$A:$A,Derived_Variables!$T:$T,"Standard"))&"_cyl_step",Calibration!$B:$B,Calibration!$C:$C,0.25))} -> 0.25 | AD8: {=IF($I7="","",IF(OR(C8="E",C8="H"),LET(startStep,XLOOKUP("axis_start_step",Calibration!$B:$B,Calibration!$C:$C,5),step1,XLOOKUP("axis_reversal_step_1",Calibration!$B:$B,Calibration!$C:$C,3),step2,XLOOKUP("axis_reversal_step_2",Calibration!$B:$B,Calibration!$C:$C,1),IF(OR(C7<>C8,AZ8="",AZ8="SAME",AZ8="CANT_TELL",I8="",I8="SAME",I8="CANT_TELL"),startStep,IF(OR(AND(AZ8="BETTER_1",I8="BETTER_2"),AND(AZ8="BETTER_2",I8="BETTER_1")),IF(AD7>step1,step1,step2),AD7))),0))} -> 0 | AE8: {=IF($I7="","",XLOOKUP($B8,Derived_Variables!$A:$A,Derived_Variables!$AD:$AD,"No_Fog"))} -> Strong_Fog | AF8: {=IF($I7="","",XLOOKUP($B8,Derived_Variables!$A:$A,Derived_Variables!$AE:$AE,0))} -> 1 | AG8: {=IF($I7="","",XLOOKUP($B8,Derived_Variables!$A:$A,Derived_Variables!$AF:$AF,""))} -> StepDown_0.25 | AH8: {=IF($I7="","",XLOOKUP($B8,Derived_Variables!$A:$A,Derived_Variables!$AG:$AG,""))} -> Low | AI8: {=IF($I7="","",XLOOKUP($B8,Derived_Variables!$A:$A,Derived_Variables!$AC:$AC,"Medium"))} -> Low | AJ8: {=IF($I7="","",XLOOKUP($B8,Derived_Variables!$A:$A,Derived_Variables!$Y:$Y,FALSE))} -> FALSE | AK8: {=IF($I7="","",XLOOKUP($B8,Derived_Variables!$A:$A,Derived_Variables!$AA:$AA,"Normal"))} -> Slow | AL8: {=IF($I7="","",XLOOKUP($B8,Derived_Variables!$A:$A,Derived_Variables!$AB:$AB,"Normal"))} -> Relaxed | AM8: {=IF($I8="","",IFS(C8="B",IF(OR(I8="NOT_READABLE",I8="BLURRY"),-AB8,0),C8="G",IFS(I8="RED_CLEARER",XLOOKUP("duochrome_red_step",Calibration!$B:$B,Calibration!$C:$C,-0.25),I8="GREEN_CLEARER",XLOOKUP("duochrome_green_step",Calibration!$B:$B,Calibration!$C:$C,0.25),I8="EQUAL",IF(XLOOKUP($B8,Derived_Variables!$A:$A,Derived_Variables!$S:$S,"Neutral")="Undercorrect",XLOOKUP("undercorrect_step",Calibration!$B:$B,Calibration!$C:$C,0.25),IF(XLOOKUP($B8,Derived_Variables!$A:$A,Derived_Variables!$S:$S,"Neutral")="Overcorrect",-XLOOKUP("overcorrect_step",Calibration!$B:$B,Calibration!$C:$C,0.25),0)),TRUE,0),C8="K",IF(I8="TOP_CLEARER",XLOOKUP("bino_balance_step",Calibration!$B:$B,Calibration!$C:$C,0.25),0),TRUE,0))} -> -0.25 | AN8: =IF($I8="","",IF(C8="F",IFS(I8="BETTER_1",AC8,I8="BETTER_2",-AC8,TRUE,0),0)) -> 0 | AO8: =IF($I8="","",IF(C8="E",IFS(I8="BETTER_1",-AD8,I8="BETTER_2",AD8,TRUE,0),0)) -> 0 | AP8: {=IF($I8="","",IFS(C8="D",IF(OR(I8="NOT_READABLE",I8="BLURRY"),-AB8,0),C8="J",IFS(I8="RED_CLEARER",XLOOKUP("duochrome_red_step",Calibration!$B:$B,Calibration!$C:$C,-0.25),I8="GREEN_CLEARER",XLOOKUP("duochrome_green_step",Calibration!$B:$B,Calibration!$C:$C,0.25),I8="EQUAL",IF(XLOOKUP($B8,Derived_Variables!$A:$A,Derived_Variables!$S:$S,"Neutral")="Undercorrect",XLOOKUP("undercorrect_step",Calibration!$B:$B,Calibration!$C:$C,0.25),IF(XLOOKUP($B8,Derived_Variables!$A:$A,Derived_Variables!$S:$S,"Neutral")="Overcorrect",-XLOOKUP("overcorrect_step",Calibration!$B:$B,Calibration!$C:$C,0.25),0)),TRUE,0),C8="K",IF(I8="BOTTOM_CLEARER",XLOOKUP("bino_balance_step",Calibration!$B:$B,Calibration!$C:$C,0.25),0),TRUE,0))} -> 0 | AQ8: =IF($I8="","",IF(C8="I",IFS(I8="BETTER_1",AC8,I8="BETTER_2",-AC8,TRUE,0),0)) -> 0 | AR8: =IF($I8="","",IF(C8="H",IFS(I8="BETTER_1",-AD8,I8="BETTER_2",AD8,TRUE,0),0)) -> 0 | AS8: {=IF($I8="","",IF(C8="P",IF(OR(I8="NOT_READABLE",I8="BLURRY"),XLOOKUP("near_add_step",Calibration!$B:$B,Calibration!$C:$C,0.25),0),IF(C8="R",IF(I8="NOT_CLEAR",XLOOKUP("near_add_step",Calibration!$B:$B,Calibration!$C:$C,0.25),0),0)))} -> 0 | AT8: {=IF($I8="","",IF(C8="Q",IF(OR(I8="NOT_READABLE",I8="BLURRY"),XLOOKUP("near_add_step",Calibration!$B:$B,Calibration!$C:$C,0.25),0),IF(C8="R",IF(I8="NOT_CLEAR",XLOOKUP("near_add_step",Calibration!$B:$B,Calibration!$C:$C,0.25),0),0)))} -> 0 | AU8: {=IF($I8="","",IF(G8="SNELLEN_FEET",IF(I8="READABLE",IFERROR(XLOOKUP(XLOOKUP(R8,Chart_Scale_Distance!B:B,Chart_Scale_Distance!A:A)+1,Chart_Scale_Distance!A:A,Chart_Scale_Distance!B:B),R8),R8),R8))} -> 20_20_20 | AV8: {=IF($I7="","",IFERROR(XLOOKUP(R8,Chart_Scale_Distance!$B:$B,Chart_Scale_Distance!$A:$A,""),""))} -> 6 | AW8: {=IF($I7="","",IFERROR(XLOOKUP(AA8,Chart_Scale_Distance!$B:$B,Chart_Scale_Distance!$A:$A,""),""))} -> 6 | AX8: =IF($I8="","", IF( OR(C8="G",C8="J"), IF( AND(C7=C8,I8="EQUAL",I7="EQUAL"), AX7+1, IF(I8="EQUAL",1,0) ), IF(I8<>"SAME",0,IF(C8=C7,AX7+1,1)) ) ) -> 0 | AY8: =IF($I8="","",COUNTIFS($B$2:B8,$B8,$C$2:C8,$C8)) -> 1 | AZ8: =IF($I7="","",IF(AND(OR(C8="E",C8="H"),OR(C7="E",C7="H")),I7,"")) | BA8: =IF($I8="","",IF(OR(C8="G",C8="J"),BA7+1,0)) -> 0 | BB8: =IF($I8="","", IF( OR(C8="G",C8="J"), IF( C7<>C8, 0, IF( OR( AND(I8="RED_CLEARER",I7="GREEN_CLEARER"), AND(I8="GREEN_CLEARER",I7="RED_CLEARER") ), BB7+1, BB7 ) ), 0 ) ) -> 0 | BC8: {=IF($I8="","",LET( conf,AI8, powerSameN,IF(conf="Low",XLOOKUP("jcc_power_same_low",Calibration!$B:$B,Calibration!$C:$C,1),IF(conf="Medium",XLOOKUP("jcc_power_same_medium",Calibration!$B:$B,Calibration!$C:$C,2),XLOOKUP("jcc_power_same_high",Calibration!$B:$B,Calibration!$C:$C,2))), duoEqualN,XLOOKUP("duochrome_equal_confirmations",Calibration!$B:$B,Calibration!$C:$C,2), duoMax,XLOOKUP($B8,Derived_Variables!$A:$A,Derived_Variables!$AI:$AI,4), axisTol,XLOOKUP($B8,Derived_Variables!$A:$A,Derived_Variables!$W:$W,1), maxStart,XLOOKUP($B8,Derived_Variables!$A:$A,Derived_Variables!$U:$U,1.25), maxAR,XLOOKUP($B8,Derived_Variables!$A:$A,Derived_Variables!$V:$V,3), anom,XLOOKUP($B8,Derived_Variables!$A:$A,Derived_Variables!$Z:$Z,FALSE), reStart,XLOOKUP($B8,Derived_Variables!$A:$A,Derived_Variables!$K:$K,0), leStart,XLOOKUP($B8,Derived_Variables!$A:$A,Derived_Variables!$N:$N,0), reAR,XLOOKUP($B8,AR_Input!$A:$A,AR_Input!$B:$B,reStart), leAR,XLOOKUP($B8,AR_Input!$A:$A,AR_Input!$E:$E,leStart), reEsc,AND(anom,OR(ABS((S8+AM8)-reStart)>maxStart,ABS((S8+AM8)-reAR)>maxAR)), leEsc,AND(anom,OR(ABS((V8+AP8)-leStart)>maxStart,ABS((V8+AP8)-leAR)>maxAR)), phaseMax,IFS( AK8="Fast", IFS( OR(C8="B",C8="D"),XLOOKUP("timeout_coarse_fast",Calibration!$B:$B,Calibration!$C:$C,24), OR(C8="E",C8="F",C8="H",C8="I"),XLOOKUP("timeout_jcc_fast",Calibration!$B:$B,Calibration!$C:$C,10), OR(C8="G",C8="J"),XLOOKUP("timeout_duochrome_fast",Calibration!$B:$B,Calibration!$C:$C,8), C8="K",XLOOKUP("timeout_bino_fast",Calibration!$B:$B,Calibration!$C:$C,10), OR(C8="P",C8="Q",C8="R"),XLOOKUP("timeout_near_fast",Calibration!$B:$B,Calibration!$C:$C,16), TRUE,XLOOKUP("timeout_coarse_fast",Calibration!$B:$B,Calibration!$C:$C,24) ), AK8="Normal", IFS( OR(C8="B",C8="D"),XLOOKUP("timeout_coarse_normal",Calibration!$B:$B,Calibration!$C:$C,36), OR(C8="E",C8="F",C8="H",C8="I"),XLOOKUP("timeout_jcc_normal",Calibration!$B:$B,Calibration!$C:$C,14), OR(C8="G",C8="J"),XLOOKUP("timeout_duochrome_normal",Calibration!$B:$B,Calibration!$C:$C,10), C8="K",XLOOKUP("timeout_bino_normal",Calibration!$B:$B,Calibration!$C:$C,14), OR(C8="P",C8="Q",C8="R"),XLOOKUP("timeout_near_normal",Calibration!$B:$B,Calibration!$C:$C,22), TRUE,XLOOKUP("timeout_coarse_normal",Calibration!$B:$B,Calibration!$C:$C,36) ), TRUE, IFS( OR(C8="B",C8="D"),XLOOKUP("timeout_coarse_slow",Calibration!$B:$B,Calibration!$C:$C,48), OR(C8="E",C8="F",C8="H",C8="I"),XLOOKUP("timeout_jcc_slow",Calibration!$B:$B,Calibration!$C:$C,18), OR(C8="G",C8="J"),XLOOKUP("timeout_duochrome_slow",Calibration!$B:$B,Calibration!$C:$C,12), C8="K",XLOOKUP("timeout_bino_slow",Calibration!$B:$B,Calibration!$C:$C,18), OR(C8="P",C8="Q",C8="R"),XLOOKUP("timeout_near_slow",Calibration!$B:$B,Calibration!$C:$C,28), TRUE,XLOOKUP("timeout_coarse_slow",Calibration!$B:$B,Calibration!$C:$C,48) ) ), binoSameN,XLOOKUP("bino_balance_same_required",Calibration!$B:$B,Calibration!$C:$C,1), nearTarget,XLOOKUP("near_binoc_target_response",Calibration!$B:$B,Calibration!$C:$C,"TARGET_OK"), IFS( AJ8=TRUE,"ESCALATE", C8="A", IF(OR(I8="NOT_READABLE",I8="BLURRY",AND(R8="20_20_20",I8="READABLE")),"B","A"), C8="B", IF(reEsc,"ESCALATE",IF(AY8>=phaseMax,"ESCALATE",IF(AND(AV8>=AW8,I8="READABLE"),"E","B"))), C8="E", IF(AY8>=phaseMax,"ESCALATE",IF(OR(I8="SAME",I8="CANT_TELL",AD8<axisTol),"F","E")), C8="F", IF(AY8>=phaseMax,"ESCALATE",IF(AX8>=powerSameN,"G","F")), C8="G", IF(AY8>=phaseMax,"ESCALATE",IF(OR(AX8>=duoEqualN,BB8>=duoMax),"D","G")), C8="D", IF(leEsc,"ESCALATE",IF(AY8>=phaseMax,"ESCALATE",IF(AND(AV8>=AW8,I8="READABLE"),"H","D"))), C8="H", IF(AY8>=phaseMax,"ESCALATE",IF(OR(I8="SAME",I8="CANT_TELL",AD8<axisTol),"I","H")), C8="I", IF(AY8>=phaseMax,"ESCALATE",IF(AX8>=powerSameN,"J","I")), C8="J", IF(AY8>=phaseMax,"ESCALATE",IF(OR(AX8>=duoEqualN,BB8>=duoMax),"K","J")), C8="K", IF(AY8>=phaseMax,"ESCALATE",IF(AX8>=binoSameN,IF(XLOOKUP($B8,Derived_Variables!$A:$A,Derived_Variables!$AJ:$AJ,FALSE)=TRUE,"P","END"),"K")), C8="P", IF(AY8>=phaseMax,"ESCALATE",IF(OR(I8="READABLE",I8="SAME"),"Q","P")), C8="Q", IF(AY8>=phaseMax,"ESCALATE",IF(OR(I8="READABLE",I8="SAME"),"R","Q")), C8="R", IF(AY8>=phaseMax,"ESCALATE",IF(OR(I8=nearTarget,I8="SAME"),"END","R")), TRUE,"END" )))} -> B | BD8: =IF($I7="",FALSE,TRUE) -> TRUE
A9: =A8+1 -> 8 | B9: =B8 -> 6 | C9: =IF($I8="","",BC8) -> B | D9: {=IF($I8="","",XLOOKUP(C9,FSM_State_Map!A:A,FSM_State_Map!B:B,""))} -> Coarse Sphere RE | E9: {=IF($I8="","",XLOOKUP(C9,FSM_State_Map!A:A,FSM_State_Map!C:C,""))} -> COARSE_SPHERE | F9: {=IF($I8="","",XLOOKUP(E9,Phase_UI_Map!A:A,Phase_UI_Map!B:B,""))} -> COARSE_SPH | G9: {=IF($I8="","",XLOOKUP(E9,Phase_UI_Map!A:A,Phase_UI_Map!C:C,""))} -> SNELLEN_FEET | H9: {=IF($I8="","",XLOOKUP(E9,Phase_UI_Map!A:A,Phase_UI_Map!D:D,""))} -> READABILITY | I9: READABLE | J9: =IFERROR(__xludf.DUMMYFUNCTION("IF($I8="""","""",IFERROR(INDEX(FILTER(Response_Lists!$B:$B,Response_Lists!$A:$A=$H9),1),""""))"),"READABLE") -> READABLE | K9: =IFERROR(__xludf.DUMMYFUNCTION("IF($I8="""","""",IFERROR(INDEX(FILTER(Response_Lists!$B:$B,Response_Lists!$A:$A=$H9),2),""""))"),"NOT_READABLE") -> NOT_READABLE | L9: =IFERROR(__xludf.DUMMYFUNCTION("IF($I8="""","""",IFERROR(INDEX(FILTER(Response_Lists!$B:$B,Response_Lists!$A:$A=$H9),3),""""))"),"BLURRY") -> BLURRY | M9: =IFERROR(__xludf.DUMMYFUNCTION("IF($I8="""","""",IFERROR(INDEX(FILTER(Response_Lists!$B:$B,Response_Lists!$A:$A=$H9),4),""""))"),"") | N9: =IFERROR(__xludf.DUMMYFUNCTION("IF($I8="""","""",IFERROR(INDEX(FILTER(Response_Lists!$B:$B,Response_Lists!$A:$A=$H9),5),""""))"),"") | O9: =IFERROR(__xludf.DUMMYFUNCTION("IF($I8="""","""",IFERROR(INDEX(FILTER(Response_Lists!$B:$B,Response_Lists!$A:$A=$H9),6),""""))"),"") | P9: =IF($I8="","",IFS(H9="READABILITY","Can you read this clearly?",H9="COMPARE_1_2","Which is clearer: 1 or 2?",H9="COLOR_CHOICE","Which is clearer: RED or GREEN?",H9="TOP_BOTTOM","Which is clearer: TOP or BOTTOM?",H9="NEAR_READABILITY","Can you read the near target clearly?",H9="NEAR_BINOC","Is near clear and comfortable? (TARGET_OK/NOT_CLEAR)",TRUE,"")) -> Can you read this clearly? | Q9: {=IF($I8="","",XLOOKUP(C9,FSM_State_Map!A:A,FSM_State_Map!D:D,""))} -> RE | R9: =IF($I8="","",IF(AND(C9="D",C8<>"D"),INDEX($R$2:R8,MATCH("B",$C$2:C8,0)),AU8)) -> 20_20_20 | S9: {=IF($I8="","", IF( AND(C9="B",C8<>"B"), XLOOKUP($B9,Derived_Variables!$A:$A,Derived_Variables!$K:$K,0) + XLOOKUP($B9,Derived_Variables!$A:$A,Derived_Variables!$AE:$AE,0), S8+AM8 ))} -> -0.75 | T9: =IF($I8="","",T8+AN8) -> -0.5 | U9: =IF($I8="","",U8+AO8) -> 0 | V9: {=IF($I8="","", IF( AND(C9="D",C8<>"D"), XLOOKUP($B9,Derived_Variables!$A:$A,Derived_Variables!$N:$N,0) + XLOOKUP($B9,Derived_Variables!$A:$A,Derived_Variables!$AE:$AE,0), V8+AP8 ))} -> -1 | W9: =IF($I8="","",W8+AQ8) -> 0 | X9: =IF($I8="","",X8+AR8) -> 0 | Y9: {=IF($I8="","",IF(AND(C9="P",C8<>"P"),IFERROR(XLOOKUP($B9,Lenso_Input!$A:$A,Lenso_Input!$E:$E,0),0),Y8+AS8))} -> 0 | Z9: {=IF($I8="","",IF(AND(C9="Q",C8<>"Q"),IFERROR(XLOOKUP($B9,Lenso_Input!$A:$A,Lenso_Input!$I:$I,0),0),Z8+AT8))} -> 0 | AA9: {=IF($I8="","",IF(XLOOKUP($B9,Derived_Variables!$A:$A,Derived_Variables!$R:$R,"6/6_target")="6/6_target","20_20_20","40_30_25"))} -> 20_20_20 | AB9: {=IF($I8="","",XLOOKUP(LOWER(XLOOKUP($B9,Derived_Variables!$A:$A,Derived_Variables!$T:$T,"Standard"))&"_sph_step",Calibration!$B:$B,Calibration!$C:$C,0.25))} -> 0.25 | AC9: {=IF($I8="","",XLOOKUP(LOWER(XLOOKUP($B9,Derived_Variables!$A:$A,Derived_Variables!$T:$T,"Standard"))&"_cyl_step",Calibration!$B:$B,Calibration!$C:$C,0.25))} -> 0.25 | AD9: {=IF($I8="","",IF(OR(C9="E",C9="H"),LET(startStep,XLOOKUP("axis_start_step",Calibration!$B:$B,Calibration!$C:$C,5),step1,XLOOKUP("axis_reversal_step_1",Calibration!$B:$B,Calibration!$C:$C,3),step2,XLOOKUP("axis_reversal_step_2",Calibration!$B:$B,Calibration!$C:$C,1),IF(OR(C8<>C9,AZ9="",AZ9="SAME",AZ9="CANT_TELL",I9="",I9="SAME",I9="CANT_TELL"),startStep,IF(OR(AND(AZ9="BETTER_1",I9="BETTER_2"),AND(AZ9="BETTER_2",I9="BETTER_1")),IF(AD8>step1,step1,step2),AD8))),0))} -> 0 | AE9: {=IF($I8="","",XLOOKUP($B9,Derived_Variables!$A:$A,Derived_Variables!$AD:$AD,"No_Fog"))} -> Strong_Fog | AF9: {=IF($I8="","",XLOOKUP($B9,Derived_Variables!$A:$A,Derived_Variables!$AE:$AE,0))} -> 1 | AG9: {=IF($I8="","",XLOOKUP($B9,Derived_Variables!$A:$A,Derived_Variables!$AF:$AF,""))} -> StepDown_0.25 | AH9: {=IF($I8="","",XLOOKUP($B9,Derived_Variables!$A:$A,Derived_Variables!$AG:$AG,""))} -> Low | AI9: {=IF($I8="","",XLOOKUP($B9,Derived_Variables!$A:$A,Derived_Variables!$AC:$AC,"Medium"))} -> Low | AJ9: {=IF($I8="","",XLOOKUP($B9,Derived_Variables!$A:$A,Derived_Variables!$Y:$Y,FALSE))} -> FALSE | AK9: {=IF($I8="","",XLOOKUP($B9,Derived_Variables!$A:$A,Derived_Variables!$AA:$AA,"Normal"))} -> Slow | AL9: {=IF($I8="","",XLOOKUP($B9,Derived_Variables!$A:$A,Derived_Variables!$AB:$AB,"Normal"))} -> Relaxed | AM9: {=IF($I9="","",IFS(C9="B",IF(OR(I9="NOT_READABLE",I9="BLURRY"),-AB9,0),C9="G",IFS(I9="RED_CLEARER",XLOOKUP("duochrome_red_step",Calibration!$B:$B,Calibration!$C:$C,-0.25),I9="GREEN_CLEARER",XLOOKUP("duochrome_green_step",Calibration!$B:$B,Calibration!$C:$C,0.25),I9="EQUAL",IF(XLOOKUP($B9,Derived_Variables!$A:$A,Derived_Variables!$S:$S,"Neutral")="Undercorrect",XLOOKUP("undercorrect_step",Calibration!$B:$B,Calibration!$C:$C,0.25),IF(XLOOKUP($B9,Derived_Variables!$A:$A,Derived_Variables!$S:$S,"Neutral")="Overcorrect",-XLOOKUP("overcorrect_step",Calibration!$B:$B,Calibration!$C:$C,0.25),0)),TRUE,0),C9="K",IF(I9="TOP_CLEARER",XLOOKUP("bino_balance_step",Calibration!$B:$B,Calibration!$C:$C,0.25),0),TRUE,0))} -> 0 | AN9: =IF($I9="","",IF(C9="F",IFS(I9="BETTER_1",AC9,I9="BETTER_2",-AC9,TRUE,0),0)) -> 0 | AO9: =IF($I9="","",IF(C9="E",IFS(I9="BETTER_1",-AD9,I9="BETTER_2",AD9,TRUE,0),0)) -> 0 | AP9: {=IF($I9="","",IFS(C9="D",IF(OR(I9="NOT_READABLE",I9="BLURRY"),-AB9,0),C9="J",IFS(I9="RED_CLEARER",XLOOKUP("duochrome_red_step",Calibration!$B:$B,Calibration!$C:$C,-0.25),I9="GREEN_CLEARER",XLOOKUP("duochrome_green_step",Calibration!$B:$B,Calibration!$C:$C,0.25),I9="EQUAL",IF(XLOOKUP($B9,Derived_Variables!$A:$A,Derived_Variables!$S:$S,"Neutral")="Undercorrect",XLOOKUP("undercorrect_step",Calibration!$B:$B,Calibration!$C:$C,0.25),IF(XLOOKUP($B9,Derived_Variables!$A:$A,Derived_Variables!$S:$S,"Neutral")="Overcorrect",-XLOOKUP("overcorrect_step",Calibration!$B:$B,Calibration!$C:$C,0.25),0)),TRUE,0),C9="K",IF(I9="BOTTOM_CLEARER",XLOOKUP("bino_balance_step",Calibration!$B:$B,Calibration!$C:$C,0.25),0),TRUE,0))} -> 0 | AQ9: =IF($I9="","",IF(C9="I",IFS(I9="BETTER_1",AC9,I9="BETTER_2",-AC9,TRUE,0),0)) -> 0 | AR9: =IF($I9="","",IF(C9="H",IFS(I9="BETTER_1",-AD9,I9="BETTER_2",AD9,TRUE,0),0)) -> 0 | AS9: {=IF($I9="","",IF(C9="P",IF(OR(I9="NOT_READABLE",I9="BLURRY"),XLOOKUP("near_add_step",Calibration!$B:$B,Calibration!$C:$C,0.25),0),IF(C9="R",IF(I9="NOT_CLEAR",XLOOKUP("near_add_step",Calibration!$B:$B,Calibration!$C:$C,0.25),0),0)))} -> 0 | AT9: {=IF($I9="","",IF(C9="Q",IF(OR(I9="NOT_READABLE",I9="BLURRY"),XLOOKUP("near_add_step",Calibration!$B:$B,Calibration!$C:$C,0.25),0),IF(C9="R",IF(I9="NOT_CLEAR",XLOOKUP("near_add_step",Calibration!$B:$B,Calibration!$C:$C,0.25),0),0)))} -> 0 | AU9: {=IF($I9="","",IF(G9="SNELLEN_FEET",IF(I9="READABLE",IFERROR(XLOOKUP(XLOOKUP(R9,Chart_Scale_Distance!B:B,Chart_Scale_Distance!A:A)+1,Chart_Scale_Distance!A:A,Chart_Scale_Distance!B:B),R9),R9),R9))} -> 20_20_20 | AV9: {=IF($I8="","",IFERROR(XLOOKUP(R9,Chart_Scale_Distance!$B:$B,Chart_Scale_Distance!$A:$A,""),""))} -> 6 | AW9: {=IF($I8="","",IFERROR(XLOOKUP(AA9,Chart_Scale_Distance!$B:$B,Chart_Scale_Distance!$A:$A,""),""))} -> 6 | AX9: =IF($I9="","", IF( OR(C9="G",C9="J"), IF( AND(C8=C9,I9="EQUAL",I8="EQUAL"), AX8+1, IF(I9="EQUAL",1,0) ), IF(I9<>"SAME",0,IF(C9=C8,AX8+1,1)) ) ) -> 0 | AY9: =IF($I9="","",COUNTIFS($B$2:B9,$B9,$C$2:C9,$C9)) -> 2 | AZ9: =IF($I8="","",IF(AND(OR(C9="E",C9="H"),OR(C8="E",C8="H")),I8,"")) | BA9: =IF($I9="","",IF(OR(C9="G",C9="J"),BA8+1,0)) -> 0 | BB9: =IF($I9="","", IF( OR(C9="G",C9="J"), IF( C8<>C9, 0, IF( OR( AND(I9="RED_CLEARER",I8="GREEN_CLEARER"), AND(I9="GREEN_CLEARER",I8="RED_CLEARER") ), BB8+1, BB8 ) ), 0 ) ) -> 0 | BC9: {=IF($I9="","",LET( conf,AI9, powerSameN,IF(conf="Low",XLOOKUP("jcc_power_same_low",Calibration!$B:$B,Calibration!$C:$C,1),IF(conf="Medium",XLOOKUP("jcc_power_same_medium",Calibration!$B:$B,Calibration!$C:$C,2),XLOOKUP("jcc_power_same_high",Calibration!$B:$B,Calibration!$C:$C,2))), duoEqualN,XLOOKUP("duochrome_equal_confirmations",Calibration!$B:$B,Calibration!$C:$C,2), duoMax,XLOOKUP($B9,Derived_Variables!$A:$A,Derived_Variables!$AI:$AI,4), axisTol,XLOOKUP($B9,Derived_Variables!$A:$A,Derived_Variables!$W:$W,1), maxStart,XLOOKUP($B9,Derived_Variables!$A:$A,Derived_Variables!$U:$U,1.25), maxAR,XLOOKUP($B9,Derived_Variables!$A:$A,Derived_Variables!$V:$V,3), anom,XLOOKUP($B9,Derived_Variables!$A:$A,Derived_Variables!$Z:$Z,FALSE), reStart,XLOOKUP($B9,Derived_Variables!$A:$A,Derived_Variables!$K:$K,0), leStart,XLOOKUP($B9,Derived_Variables!$A:$A,Derived_Variables!$N:$N,0), reAR,XLOOKUP($B9,AR_Input!$A:$A,AR_Input!$B:$B,reStart), leAR,XLOOKUP($B9,AR_Input!$A:$A,AR_Input!$E:$E,leStart), reEsc,AND(anom,OR(ABS((S9+AM9)-reStart)>maxStart,ABS((S9+AM9)-reAR)>maxAR)), leEsc,AND(anom,OR(ABS((V9+AP9)-leStart)>maxStart,ABS((V9+AP9)-leAR)>maxAR)), phaseMax,IFS( AK9="Fast", IFS( OR(C9="B",C9="D"),XLOOKUP("timeout_coarse_fast",Calibration!$B:$B,Calibration!$C:$C,24), OR(C9="E",C9="F",C9="H",C9="I"),XLOOKUP("timeout_jcc_fast",Calibration!$B:$B,Calibration!$C:$C,10), OR(C9="G",C9="J"),XLOOKUP("timeout_duochrome_fast",Calibration!$B:$B,Calibration!$C:$C,8), C9="K",XLOOKUP("timeout_bino_fast",Calibration!$B:$B,Calibration!$C:$C,10), OR(C9="P",C9="Q",C9="R"),XLOOKUP("timeout_near_fast",Calibration!$B:$B,Calibration!$C:$C,16), TRUE,XLOOKUP("timeout_coarse_fast",Calibration!$B:$B,Calibration!$C:$C,24) ), AK9="Normal", IFS( OR(C9="B",C9="D"),XLOOKUP("timeout_coarse_normal",Calibration!$B:$B,Calibration!$C:$C,36), OR(C9="E",C9="F",C9="H",C9="I"),XLOOKUP("timeout_jcc_normal",Calibration!$B:$B,Calibration!$C:$C,14), OR(C9="G",C9="J"),XLOOKUP("timeout_duochrome_normal",Calibration!$B:$B,Calibration!$C:$C,10), C9="K",XLOOKUP("timeout_bino_normal",Calibration!$B:$B,Calibration!$C:$C,14), OR(C9="P",C9="Q",C9="R"),XLOOKUP("timeout_near_normal",Calibration!$B:$B,Calibration!$C:$C,22), TRUE,XLOOKUP("timeout_coarse_normal",Calibration!$B:$B,Calibration!$C:$C,36) ), TRUE, IFS( OR(C9="B",C9="D"),XLOOKUP("timeout_coarse_slow",Calibration!$B:$B,Calibration!$C:$C,48), OR(C9="E",C9="F",C9="H",C9="I"),XLOOKUP("timeout_jcc_slow",Calibration!$B:$B,Calibration!$C:$C,18), OR(C9="G",C9="J"),XLOOKUP("timeout_duochrome_slow",Calibration!$B:$B,Calibration!$C:$C,12), C9="K",XLOOKUP("timeout_bino_slow",Calibration!$B:$B,Calibration!$C:$C,18), OR(C9="P",C9="Q",C9="R"),XLOOKUP("timeout_near_slow",Calibration!$B:$B,Calibration!$C:$C,28), TRUE,XLOOKUP("timeout_coarse_slow",Calibration!$B:$B,Calibration!$C:$C,48) ) ), binoSameN,XLOOKUP("bino_balance_same_required",Calibration!$B:$B,Calibration!$C:$C,1), nearTarget,XLOOKUP("near_binoc_target_response",Calibration!$B:$B,Calibration!$C:$C,"TARGET_OK"), IFS( AJ9=TRUE,"ESCALATE", C9="A", IF(OR(I9="NOT_READABLE",I9="BLURRY",AND(R9="20_20_20",I9="READABLE")),"B","A"), C9="B", IF(reEsc,"ESCALATE",IF(AY9>=phaseMax,"ESCALATE",IF(AND(AV9>=AW9,I9="READABLE"),"E","B"))), C9="E", IF(AY9>=phaseMax,"ESCALATE",IF(OR(I9="SAME",I9="CANT_TELL",AD9<axisTol),"F","E")), C9="F", IF(AY9>=phaseMax,"ESCALATE",IF(AX9>=powerSameN,"G","F")), C9="G", IF(AY9>=phaseMax,"ESCALATE",IF(OR(AX9>=duoEqualN,BB9>=duoMax),"D","G")), C9="D", IF(leEsc,"ESCALATE",IF(AY9>=phaseMax,"ESCALATE",IF(AND(AV9>=AW9,I9="READABLE"),"H","D"))), C9="H", IF(AY9>=phaseMax,"ESCALATE",IF(OR(I9="SAME",I9="CANT_TELL",AD9<axisTol),"I","H")), C9="I", IF(AY9>=phaseMax,"ESCALATE",IF(AX9>=powerSameN,"J","I")), C9="J", IF(AY9>=phaseMax,"ESCALATE",IF(OR(AX9>=duoEqualN,BB9>=duoMax),"K","J")), C9="K", IF(AY9>=phaseMax,"ESCALATE",IF(AX9>=binoSameN,IF(XLOOKUP($B9,Derived_Variables!$A:$A,Derived_Variables!$AJ:$AJ,FALSE)=TRUE,"P","END"),"K")), C9="P", IF(AY9>=phaseMax,"ESCALATE",IF(OR(I9="READABLE",I9="SAME"),"Q","P")), C9="Q", IF(AY9>=phaseMax,"ESCALATE",IF(OR(I9="READABLE",I9="SAME"),"R","Q")), C9="R", IF(AY9>=phaseMax,"ESCALATE",IF(OR(I9=nearTarget,I9="SAME"),"END","R")), TRUE,"END" )))} -> E | BD9: =IF($I8="",FALSE,TRUE) -> TRUE
A10: =A9+1 -> 9 | B10: =B9 -> 6 | C10: =IF($I9="","",BC9) -> E | D10: {=IF($I9="","",XLOOKUP(C10,FSM_State_Map!A:A,FSM_State_Map!B:B,""))} -> JCC Axis RE | E10: {=IF($I9="","",XLOOKUP(C10,FSM_State_Map!A:A,FSM_State_Map!C:C,""))} -> JCC_AXIS | F10: {=IF($I9="","",XLOOKUP(E10,Phase_UI_Map!A:A,Phase_UI_Map!B:B,""))} -> JCC_AXIS | G10: {=IF($I9="","",XLOOKUP(E10,Phase_UI_Map!A:A,Phase_UI_Map!C:C,""))} -> DOT_CHART_JCC | H10: {=IF($I9="","",XLOOKUP(E10,Phase_UI_Map!A:A,Phase_UI_Map!D:D,""))} -> COMPARE_1_2 | I10: BETTER_2 | J10: =IFERROR(__xludf.DUMMYFUNCTION("IF($I9="""","""",IFERROR(INDEX(FILTER(Response_Lists!$B:$B,Response_Lists!$A:$A=$H10),1),""""))"),"BETTER_1") -> BETTER_1 | K10: =IFERROR(__xludf.DUMMYFUNCTION("IF($I9="""","""",IFERROR(INDEX(FILTER(Response_Lists!$B:$B,Response_Lists!$A:$A=$H10),2),""""))"),"BETTER_2") -> BETTER_2 | L10: =IFERROR(__xludf.DUMMYFUNCTION("IF($I9="""","""",IFERROR(INDEX(FILTER(Response_Lists!$B:$B,Response_Lists!$A:$A=$H10),3),""""))"),"SAME") -> SAME | M10: =IFERROR(__xludf.DUMMYFUNCTION("IF($I9="""","""",IFERROR(INDEX(FILTER(Response_Lists!$B:$B,Response_Lists!$A:$A=$H10),4),""""))"),"CANT_TELL") -> CANT_TELL | N10: =IFERROR(__xludf.DUMMYFUNCTION("IF($I9="""","""",IFERROR(INDEX(FILTER(Response_Lists!$B:$B,Response_Lists!$A:$A=$H10),5),""""))"),"") | O10: =IFERROR(__xludf.DUMMYFUNCTION("IF($I9="""","""",IFERROR(INDEX(FILTER(Response_Lists!$B:$B,Response_Lists!$A:$A=$H10),6),""""))"),"") | P10: =IF($I9="","",IFS(H10="READABILITY","Can you read this clearly?",H10="COMPARE_1_2","Which is clearer: 1 or 2?",H10="COLOR_CHOICE","Which is clearer: RED or GREEN?",H10="TOP_BOTTOM","Which is clearer: TOP or BOTTOM?",H10="NEAR_READABILITY","Can you read the near target clearly?",H10="NEAR_BINOC","Is near clear and comfortable? (TARGET_OK/NOT_CLEAR)",TRUE,"")) -> Which is clearer: 1 or 2? | Q10: {=IF($I9="","",XLOOKUP(C10,FSM_State_Map!A:A,FSM_State_Map!D:D,""))} -> RE | R10: =IF($I9="","",IF(AND(C10="D",C9<>"D"),INDEX($R$2:R9,MATCH("B",$C$2:C9,0)),AU9)) -> 20_20_20 | S10: {=IF($I9="","", IF( AND(C10="B",C9<>"B"), XLOOKUP($B10,Derived_Variables!$A:$A,Derived_Variables!$K:$K,0) + XLOOKUP($B10,Derived_Variables!$A:$A,Derived_Variables!$AE:$AE,0), S9+AM9 ))} -> -0.75 | T10: =IF($I9="","",T9+AN9) -> -0.5 | U10: =IF($I9="","",U9+AO9) -> 0 | V10: {=IF($I9="","", IF( AND(C10="D",C9<>"D"), XLOOKUP($B10,Derived_Variables!$A:$A,Derived_Variables!$N:$N,0) + XLOOKUP($B10,Derived_Variables!$A:$A,Derived_Variables!$AE:$AE,0), V9+AP9 ))} -> -1 | W10: =IF($I9="","",W9+AQ9) -> 0 | X10: =IF($I9="","",X9+AR9) -> 0 | Y10: {=IF($I9="","",IF(AND(C10="P",C9<>"P"),IFERROR(XLOOKUP($B10,Lenso_Input!$A:$A,Lenso_Input!$E:$E,0),0),Y9+AS9))} -> 0 | Z10: {=IF($I9="","",IF(AND(C10="Q",C9<>"Q"),IFERROR(XLOOKUP($B10,Lenso_Input!$A:$A,Lenso_Input!$I:$I,0),0),Z9+AT9))} -> 0 | AA10: {=IF($I9="","",IF(XLOOKUP($B10,Derived_Variables!$A:$A,Derived_Variables!$R:$R,"6/6_target")="6/6_target","20_20_20","40_30_25"))} -> 20_20_20 | AB10: {=IF($I9="","",XLOOKUP(LOWER(XLOOKUP($B10,Derived_Variables!$A:$A,Derived_Variables!$T:$T,"Standard"))&"_sph_step",Calibration!$B:$B,Calibration!$C:$C,0.25))} -> 0.25 | AC10: {=IF($I9="","",XLOOKUP(LOWER(XLOOKUP($B10,Derived_Variables!$A:$A,Derived_Variables!$T:$T,"Standard"))&"_cyl_step",Calibration!$B:$B,Calibration!$C:$C,0.25))} -> 0.25 | AD10: {=IF($I9="","",IF(OR(C10="E",C10="H"),LET(startStep,XLOOKUP("axis_start_step",Calibration!$B:$B,Calibration!$C:$C,5),step1,XLOOKUP("axis_reversal_step_1",Calibration!$B:$B,Calibration!$C:$C,3),step2,XLOOKUP("axis_reversal_step_2",Calibration!$B:$B,Calibration!$C:$C,1),IF(OR(C9<>C10,AZ10="",AZ10="SAME",AZ10="CANT_TELL",I10="",I10="SAME",I10="CANT_TELL"),startStep,IF(OR(AND(AZ10="BETTER_1",I10="BETTER_2"),AND(AZ10="BETTER_2",I10="BETTER_1")),IF(AD9>step1,step1,step2),AD9))),0))} -> 5 | AE10: {=IF($I9="","",XLOOKUP($B10,Derived_Variables!$A:$A,Derived_Variables!$AD:$AD,"No_Fog"))} -> Strong_Fog | AF10: {=IF($I9="","",XLOOKUP($B10,Derived_Variables!$A:$A,Derived_Variables!$AE:$AE,0))} -> 1 | AG10: {=IF($I9="","",XLOOKUP($B10,Derived_Variables!$A:$A,Derived_Variables!$AF:$AF,""))} -> StepDown_0.25 | AH10: {=IF($I9="","",XLOOKUP($B10,Derived_Variables!$A:$A,Derived_Variables!$AG:$AG,""))} -> Low | AI10: {=IF($I9="","",XLOOKUP($B10,Derived_Variables!$A:$A,Derived_Variables!$AC:$AC,"Medium"))} -> Low | AJ10: {=IF($I9="","",XLOOKUP($B10,Derived_Variables!$A:$A,Derived_Variables!$Y:$Y,FALSE))} -> FALSE | AK10: {=IF($I9="","",XLOOKUP($B10,Derived_Variables!$A:$A,Derived_Variables!$AA:$AA,"Normal"))} -> Slow | AL10: {=IF($I9="","",XLOOKUP($B10,Derived_Variables!$A:$A,Derived_Variables!$AB:$AB,"Normal"))} -> Relaxed | AM10: {=IF($I10="","",IFS(C10="B",IF(OR(I10="NOT_READABLE",I10="BLURRY"),-AB10,0),C10="G",IFS(I10="RED_CLEARER",XLOOKUP("duochrome_red_step",Calibration!$B:$B,Calibration!$C:$C,-0.25),I10="GREEN_CLEARER",XLOOKUP("duochrome_green_step",Calibration!$B:$B,Calibration!$C:$C,0.25),I10="EQUAL",IF(XLOOKUP($B10,Derived_Variables!$A:$A,Derived_Variables!$S:$S,"Neutral")="Undercorrect",XLOOKUP("undercorrect_step",Calibration!$B:$B,Calibration!$C:$C,0.25),IF(XLOOKUP($B10,Derived_Variables!$A:$A,Derived_Variables!$S:$S,"Neutral")="Overcorrect",-XLOOKUP("overcorrect_step",Calibration!$B:$B,Calibration!$C:$C,0.25),0)),TRUE,0),C10="K",IF(I10="TOP_CLEARER",XLOOKUP("bino_balance_step",Calibration!$B:$B,Calibration!$C:$C,0.25),0),TRUE,0))} -> 0 | AN10: =IF($I10="","",IF(C10="F",IFS(I10="BETTER_1",AC10,I10="BETTER_2",-AC10,TRUE,0),0)) -> 0 | AO10: =IF($I10="","",IF(C10="E",IFS(I10="BETTER_1",-AD10,I10="BETTER_2",AD10,TRUE,0),0)) -> 5 | AP10: {=IF($I10="","",IFS(C10="D",IF(OR(I10="NOT_READABLE",I10="BLURRY"),-AB10,0),C10="J",IFS(I10="RED_CLEARER",XLOOKUP("duochrome_red_step",Calibration!$B:$B,Calibration!$C:$C,-0.25),I10="GREEN_CLEARER",XLOOKUP("duochrome_green_step",Calibration!$B:$B,Calibration!$C:$C,0.25),I10="EQUAL",IF(XLOOKUP($B10,Derived_Variables!$A:$A,Derived_Variables!$S:$S,"Neutral")="Undercorrect",XLOOKUP("undercorrect_step",Calibration!$B:$B,Calibration!$C:$C,0.25),IF(XLOOKUP($B10,Derived_Variables!$A:$A,Derived_Variables!$S:$S,"Neutral")="Overcorrect",-XLOOKUP("overcorrect_step",Calibration!$B:$B,Calibration!$C:$C,0.25),0)),TRUE,0),C10="K",IF(I10="BOTTOM_CLEARER",XLOOKUP("bino_balance_step",Calibration!$B:$B,Calibration!$C:$C,0.25),0),TRUE,0))} -> 0 | AQ10: =IF($I10="","",IF(C10="I",IFS(I10="BETTER_1",AC10,I10="BETTER_2",-AC10,TRUE,0),0)) -> 0 | AR10: =IF($I10="","",IF(C10="H",IFS(I10="BETTER_1",-AD10,I10="BETTER_2",AD10,TRUE,0),0)) -> 0 | AS10: {=IF($I10="","",IF(C10="P",IF(OR(I10="NOT_READABLE",I10="BLURRY"),XLOOKUP("near_add_step",Calibration!$B:$B,Calibration!$C:$C,0.25),0),IF(C10="R",IF(I10="NOT_CLEAR",XLOOKUP("near_add_step",Calibration!$B:$B,Calibration!$C:$C,0.25),0),0)))} -> 0 | AT10: {=IF($I10="","",IF(C10="Q",IF(OR(I10="NOT_READABLE",I10="BLURRY"),XLOOKUP("near_add_step",Calibration!$B:$B,Calibration!$C:$C,0.25),0),IF(C10="R",IF(I10="NOT_CLEAR",XLOOKUP("near_add_step",Calibration!$B:$B,Calibration!$C:$C,0.25),0),0)))} -> 0 | AU10: {=IF($I10="","",IF(G10="SNELLEN_FEET",IF(I10="READABLE",IFERROR(XLOOKUP(XLOOKUP(R10,Chart_Scale_Distance!B:B,Chart_Scale_Distance!A:A)+1,Chart_Scale_Distance!A:A,Chart_Scale_Distance!B:B),R10),R10),R10))} -> 20_20_20 | AV10: {=IF($I9="","",IFERROR(XLOOKUP(R10,Chart_Scale_Distance!$B:$B,Chart_Scale_Distance!$A:$A,""),""))} -> 6 | AW10: {=IF($I9="","",IFERROR(XLOOKUP(AA10,Chart_Scale_Distance!$B:$B,Chart_Scale_Distance!$A:$A,""),""))} -> 6 | AX10: =IF($I10="","", IF( OR(C10="G",C10="J"), IF( AND(C9=C10,I10="EQUAL",I9="EQUAL"), AX9+1, IF(I10="EQUAL",1,0) ), IF(I10<>"SAME",0,IF(C10=C9,AX9+1,1)) ) ) -> 0 | AY10: =IF($I10="","",COUNTIFS($B$2:B10,$B10,$C$2:C10,$C10)) -> 1 | AZ10: =IF($I9="","",IF(AND(OR(C10="E",C10="H"),OR(C9="E",C9="H")),I9,"")) | BA10: =IF($I10="","",IF(OR(C10="G",C10="J"),BA9+1,0)) -> 0 | BB10: =IF($I10="","", IF( OR(C10="G",C10="J"), IF( C9<>C10, 0, IF( OR( AND(I10="RED_CLEARER",I9="GREEN_CLEARER"), AND(I10="GREEN_CLEARER",I9="RED_CLEARER") ), BB9+1, BB9 ) ), 0 ) ) -> 0 | BC10: {=IF($I10="","",LET( conf,AI10, powerSameN,IF(conf="Low",XLOOKUP("jcc_power_same_low",Calibration!$B:$B,Calibration!$C:$C,1),IF(conf="Medium",XLOOKUP("jcc_power_same_medium",Calibration!$B:$B,Calibration!$C:$C,2),XLOOKUP("jcc_power_same_high",Calibration!$B:$B,Calibration!$C:$C,2))), duoEqualN,XLOOKUP("duochrome_equal_confirmations",Calibration!$B:$B,Calibration!$C:$C,2), duoMax,XLOOKUP($B10,Derived_Variables!$A:$A,Derived_Variables!$AI:$AI,4), axisTol,XLOOKUP($B10,Derived_Variables!$A:$A,Derived_Variables!$W:$W,1), maxStart,XLOOKUP($B10,Derived_Variables!$A:$A,Derived_Variables!$U:$U,1.25), maxAR,XLOOKUP($B10,Derived_Variables!$A:$A,Derived_Variables!$V:$V,3), anom,XLOOKUP($B10,Derived_Variables!$A:$A,Derived_Variables!$Z:$Z,FALSE), reStart,XLOOKUP($B10,Derived_Variables!$A:$A,Derived_Variables!$K:$K,0), leStart,XLOOKUP($B10,Derived_Variables!$A:$A,Derived_Variables!$N:$N,0), reAR,XLOOKUP($B10,AR_Input!$A:$A,AR_Input!$B:$B,reStart), leAR,XLOOKUP($B10,AR_Input!$A:$A,AR_Input!$E:$E,leStart), reEsc,AND(anom,OR(ABS((S10+AM10)-reStart)>maxStart,ABS((S10+AM10)-reAR)>maxAR)), leEsc,AND(anom,OR(ABS((V10+AP10)-leStart)>maxStart,ABS((V10+AP10)-leAR)>maxAR)), phaseMax,IFS( AK10="Fast", IFS( OR(C10="B",C10="D"),XLOOKUP("timeout_coarse_fast",Calibration!$B:$B,Calibration!$C:$C,24), OR(C10="E",C10="F",C10="H",C10="I"),XLOOKUP("timeout_jcc_fast",Calibration!$B:$B,Calibration!$C:$C,10), OR(C10="G",C10="J"),XLOOKUP("timeout_duochrome_fast",Calibration!$B:$B,Calibration!$C:$C,8), C10="K",XLOOKUP("timeout_bino_fast",Calibration!$B:$B,Calibration!$C:$C,10), OR(C10="P",C10="Q",C10="R"),XLOOKUP("timeout_near_fast",Calibration!$B:$B,Calibration!$C:$C,16), TRUE,XLOOKUP("timeout_coarse_fast",Calibration!$B:$B,Calibration!$C:$C,24) ), AK10="Normal", IFS( OR(C10="B",C10="D"),XLOOKUP("timeout_coarse_normal",Calibration!$B:$B,Calibration!$C:$C,36), OR(C10="E",C10="F",C10="H",C10="I"),XLOOKUP("timeout_jcc_normal",Calibration!$B:$B,Calibration!$C:$C,14), OR(C10="G",C10="J"),XLOOKUP("timeout_duochrome_normal",Calibration!$B:$B,Calibration!$C:$C,10), C10="K",XLOOKUP("timeout_bino_normal",Calibration!$B:$B,Calibration!$C:$C,14), OR(C10="P",C10="Q",C10="R"),XLOOKUP("timeout_near_normal",Calibration!$B:$B,Calibration!$C:$C,22), TRUE,XLOOKUP("timeout_coarse_normal",Calibration!$B:$B,Calibration!$C:$C,36) ), TRUE, IFS( OR(C10="B",C10="D"),XLOOKUP("timeout_coarse_slow",Calibration!$B:$B,Calibration!$C:$C,48), OR(C10="E",C10="F",C10="H",C10="I"),XLOOKUP("timeout_jcc_slow",Calibration!$B:$B,Calibration!$C:$C,18), OR(C10="G",C10="J"),XLOOKUP("timeout_duochrome_slow",Calibration!$B:$B,Calibration!$C:$C,12), C10="K",XLOOKUP("timeout_bino_slow",Calibration!$B:$B,Calibration!$C:$C,18), OR(C10="P",C10="Q",C10="R"),XLOOKUP("timeout_near_slow",Calibration!$B:$B,Calibration!$C:$C,28), TRUE,XLOOKUP("timeout_coarse_slow",Calibration!$B:$B,Calibration!$C:$C,48) ) ), binoSameN,XLOOKUP("bino_balance_same_required",Calibration!$B:$B,Calibration!$C:$C,1), nearTarget,XLOOKUP("near_binoc_target_response",Calibration!$B:$B,Calibration!$C:$C,"TARGET_OK"), IFS( AJ10=TRUE,"ESCALATE", C10="A", IF(OR(I10="NOT_READABLE",I10="BLURRY",AND(R10="20_20_20",I10="READABLE")),"B","A"), C10="B", IF(reEsc,"ESCALATE",IF(AY10>=phaseMax,"ESCALATE",IF(AND(AV10>=AW10,I10="READABLE"),"E","B"))), C10="E", IF(AY10>=phaseMax,"ESCALATE",IF(OR(I10="SAME",I10="CANT_TELL",AD10<axisTol),"F","E")), C10="F", IF(AY10>=phaseMax,"ESCALATE",IF(AX10>=powerSameN,"G","F")), C10="G", IF(AY10>=phaseMax,"ESCALATE",IF(OR(AX10>=duoEqualN,BB10>=duoMax),"D","G")), C10="D", IF(leEsc,"ESCALATE",IF(AY10>=phaseMax,"ESCALATE",IF(AND(AV10>=AW10,I10="READABLE"),"H","D"))), C10="H", IF(AY10>=phaseMax,"ESCALATE",IF(OR(I10="SAME",I10="CANT_TELL",AD10<axisTol),"I","H")), C10="I", IF(AY10>=phaseMax,"ESCALATE",IF(AX10>=powerSameN,"J","I")), C10="J", IF(AY10>=phaseMax,"ESCALATE",IF(OR(AX10>=duoEqualN,BB10>=duoMax),"K","J")), C10="K", IF(AY10>=phaseMax,"ESCALATE",IF(AX10>=binoSameN,IF(XLOOKUP($B10,Derived_Variables!$A:$A,Derived_Variables!$AJ:$AJ,FALSE)=TRUE,"P","END"),"K")), C10="P", IF(AY10>=phaseMax,"ESCALATE",IF(OR(I10="READABLE",I10="SAME"),"Q","P")), C10="Q", IF(AY10>=phaseMax,"ESCALATE",IF(OR(I10="READABLE",I10="SAME"),"R","Q")), C10="R", IF(AY10>=phaseMax,"ESCALATE",IF(OR(I10=nearTarget,I10="SAME"),"END","R")), TRUE,"END" )))} -> E | BD10: =IF($I9="",FALSE,TRUE) -> TRUE
A11: =A10+1 -> 10 | B11: =B10 -> 6 | C11: =IF($I10="","",BC10) -> E | D11: {=IF($I10="","",XLOOKUP(C11,FSM_State_Map!A:A,FSM_State_Map!B:B,""))} -> JCC Axis RE | E11: {=IF($I10="","",XLOOKUP(C11,FSM_State_Map!A:A,FSM_State_Map!C:C,""))} -> JCC_AXIS | F11: {=IF($I10="","",XLOOKUP(E11,Phase_UI_Map!A:A,Phase_UI_Map!B:B,""))} -> JCC_AXIS | G11: {=IF($I10="","",XLOOKUP(E11,Phase_UI_Map!A:A,Phase_UI_Map!C:C,""))} -> DOT_CHART_JCC | H11: {=IF($I10="","",XLOOKUP(E11,Phase_UI_Map!A:A,Phase_UI_Map!D:D,""))} -> COMPARE_1_2 | I11: BETTER_1 | J11: =IFERROR(__xludf.DUMMYFUNCTION("IF($I10="""","""",IFERROR(INDEX(FILTER(Response_Lists!$B:$B,Response_Lists!$A:$A=$H11),1),""""))"),"BETTER_1") -> BETTER_1 | K11: =IFERROR(__xludf.DUMMYFUNCTION("IF($I10="""","""",IFERROR(INDEX(FILTER(Response_Lists!$B:$B,Response_Lists!$A:$A=$H11),2),""""))"),"BETTER_2") -> BETTER_2 | L11: =IFERROR(__xludf.DUMMYFUNCTION("IF($I10="""","""",IFERROR(INDEX(FILTER(Response_Lists!$B:$B,Response_Lists!$A:$A=$H11),3),""""))"),"SAME") -> SAME | M11: =IFERROR(__xludf.DUMMYFUNCTION("IF($I10="""","""",IFERROR(INDEX(FILTER(Response_Lists!$B:$B,Response_Lists!$A:$A=$H11),4),""""))"),"CANT_TELL") -> CANT_TELL | N11: =IFERROR(__xludf.DUMMYFUNCTION("IF($I10="""","""",IFERROR(INDEX(FILTER(Response_Lists!$B:$B,Response_Lists!$A:$A=$H11),5),""""))"),"") | O11: =IFERROR(__xludf.DUMMYFUNCTION("IF($I10="""","""",IFERROR(INDEX(FILTER(Response_Lists!$B:$B,Response_Lists!$A:$A=$H11),6),""""))"),"") | P11: =IF($I10="","",IFS(H11="READABILITY","Can you read this clearly?",H11="COMPARE_1_2","Which is clearer: 1 or 2?",H11="COLOR_CHOICE","Which is clearer: RED or GREEN?",H11="TOP_BOTTOM","Which is clearer: TOP or BOTTOM?",H11="NEAR_READABILITY","Can you read the near target clearly?",H11="NEAR_BINOC","Is near clear and comfortable? (TARGET_OK/NOT_CLEAR)",TRUE,"")) -> Which is clearer: 1 or 2? | Q11: {=IF($I10="","",XLOOKUP(C11,FSM_State_Map!A:A,FSM_State_Map!D:D,""))} -> RE | R11: =IF($I10="","",IF(AND(C11="D",C10<>"D"),INDEX($R$2:R10,MATCH("B",$C$2:C10,0)),AU10)) -> 20_20_20 | S11: {=IF($I10="","", IF( AND(C11="B",C10<>"B"), XLOOKUP($B11,Derived_Variables!$A:$A,Derived_Variables!$K:$K,0) + XLOOKUP($B11,Derived_Variables!$A:$A,Derived_Variables!$AE:$AE,0), S10+AM10 ))} -> -0.75 | T11: =IF($I10="","",T10+AN10) -> -0.5 | U11: =IF($I10="","",U10+AO10) -> 5 | V11: {=IF($I10="","", IF( AND(C11="D",C10<>"D"), XLOOKUP($B11,Derived_Variables!$A:$A,Derived_Variables!$N:$N,0) + XLOOKUP($B11,Derived_Variables!$A:$A,Derived_Variables!$AE:$AE,0), V10+AP10 ))} -> -1 | W11: =IF($I10="","",W10+AQ10) -> 0 | X11: =IF($I10="","",X10+AR10) -> 0 | Y11: {=IF($I10="","",IF(AND(C11="P",C10<>"P"),IFERROR(XLOOKUP($B11,Lenso_Input!$A:$A,Lenso_Input!$E:$E,0),0),Y10+AS10))} -> 0 | Z11: {=IF($I10="","",IF(AND(C11="Q",C10<>"Q"),IFERROR(XLOOKUP($B11,Lenso_Input!$A:$A,Lenso_Input!$I:$I,0),0),Z10+AT10))} -> 0 | AA11: {=IF($I10="","",IF(XLOOKUP($B11,Derived_Variables!$A:$A,Derived_Variables!$R:$R,"6/6_target")="6/6_target","20_20_20","40_30_25"))} -> 20_20_20 | AB11: {=IF($I10="","",XLOOKUP(LOWER(XLOOKUP($B11,Derived_Variables!$A:$A,Derived_Variables!$T:$T,"Standard"))&"_sph_step",Calibration!$B:$B,Calibration!$C:$C,0.25))} -> 0.25 | AC11: {=IF($I10="","",XLOOKUP(LOWER(XLOOKUP($B11,Derived_Variables!$A:$A,Derived_Variables!$T:$T,"Standard"))&"_cyl_step",Calibration!$B:$B,Calibration!$C:$C,0.25))} -> 0.25 | AD11: {=IF($I10="","",IF(OR(C11="E",C11="H"),LET(startStep,XLOOKUP("axis_start_step",Calibration!$B:$B,Calibration!$C:$C,5),step1,XLOOKUP("axis_reversal_step_1",Calibration!$B:$B,Calibration!$C:$C,3),step2,XLOOKUP("axis_reversal_step_2",Calibration!$B:$B,Calibration!$C:$C,1),IF(OR(C10<>C11,AZ11="",AZ11="SAME",AZ11="CANT_TELL",I11="",I11="SAME",I11="CANT_TELL"),startStep,IF(OR(AND(AZ11="BETTER_1",I11="BETTER_2"),AND(AZ11="BETTER_2",I11="BETTER_1")),IF(AD10>step1,step1,step2),AD10))),0))} -> 3 | AE11: {=IF($I10="","",XLOOKUP($B11,Derived_Variables!$A:$A,Derived_Variables!$AD:$AD,"No_Fog"))} -> Strong_Fog | AF11: {=IF($I10="","",XLOOKUP($B11,Derived_Variables!$A:$A,Derived_Variables!$AE:$AE,0))} -> 1 | AG11: {=IF($I10="","",XLOOKUP($B11,Derived_Variables!$A:$A,Derived_Variables!$AF:$AF,""))} -> StepDown_0.25 | AH11: {=IF($I10="","",XLOOKUP($B11,Derived_Variables!$A:$A,Derived_Variables!$AG:$AG,""))} -> Low | AI11: {=IF($I10="","",XLOOKUP($B11,Derived_Variables!$A:$A,Derived_Variables!$AC:$AC,"Medium"))} -> Low | AJ11: {=IF($I10="","",XLOOKUP($B11,Derived_Variables!$A:$A,Derived_Variables!$Y:$Y,FALSE))} -> FALSE | AK11: {=IF($I10="","",XLOOKUP($B11,Derived_Variables!$A:$A,Derived_Variables!$AA:$AA,"Normal"))} -> Slow | AL11: {=IF($I10="","",XLOOKUP($B11,Derived_Variables!$A:$A,Derived_Variables!$AB:$AB,"Normal"))} -> Relaxed | AM11: {=IF($I11="","",IFS(C11="B",IF(OR(I11="NOT_READABLE",I11="BLURRY"),-AB11,0),C11="G",IFS(I11="RED_CLEARER",XLOOKUP("duochrome_red_step",Calibration!$B:$B,Calibration!$C:$C,-0.25),I11="GREEN_CLEARER",XLOOKUP("duochrome_green_step",Calibration!$B:$B,Calibration!$C:$C,0.25),I11="EQUAL",IF(XLOOKUP($B11,Derived_Variables!$A:$A,Derived_Variables!$S:$S,"Neutral")="Undercorrect",XLOOKUP("undercorrect_step",Calibration!$B:$B,Calibration!$C:$C,0.25),IF(XLOOKUP($B11,Derived_Variables!$A:$A,Derived_Variables!$S:$S,"Neutral")="Overcorrect",-XLOOKUP("overcorrect_step",Calibration!$B:$B,Calibration!$C:$C,0.25),0)),TRUE,0),C11="K",IF(I11="TOP_CLEARER",XLOOKUP("bino_balance_step",Calibration!$B:$B,Calibration!$C:$C,0.25),0),TRUE,0))} -> 0 | AN11: =IF($I11="","",IF(C11="F",IFS(I11="BETTER_1",AC11,I11="BETTER_2",-AC11,TRUE,0),0)) -> 0 | AO11: =IF($I11="","",IF(C11="E",IFS(I11="BETTER_1",-AD11,I11="BETTER_2",AD11,TRUE,0),0)) -> -3 | AP11: {=IF($I11="","",IFS(C11="D",IF(OR(I11="NOT_READABLE",I11="BLURRY"),-AB11,0),C11="J",IFS(I11="RED_CLEARER",XLOOKUP("duochrome_red_step",Calibration!$B:$B,Calibration!$C:$C,-0.25),I11="GREEN_CLEARER",XLOOKUP("duochrome_green_step",Calibration!$B:$B,Calibration!$C:$C,0.25),I11="EQUAL",IF(XLOOKUP($B11,Derived_Variables!$A:$A,Derived_Variables!$S:$S,"Neutral")="Undercorrect",XLOOKUP("undercorrect_step",Calibration!$B:$B,Calibration!$C:$C,0.25),IF(XLOOKUP($B11,Derived_Variables!$A:$A,Derived_Variables!$S:$S,"Neutral")="Overcorrect",-XLOOKUP("overcorrect_step",Calibration!$B:$B,Calibration!$C:$C,0.25),0)),TRUE,0),C11="K",IF(I11="BOTTOM_CLEARER",XLOOKUP("bino_balance_step",Calibration!$B:$B,Calibration!$C:$C,0.25),0),TRUE,0))} -> 0 | AQ11: =IF($I11="","",IF(C11="I",IFS(I11="BETTER_1",AC11,I11="BETTER_2",-AC11,TRUE,0),0)) -> 0 | AR11: =IF($I11="","",IF(C11="H",IFS(I11="BETTER_1",-AD11,I11="BETTER_2",AD11,TRUE,0),0)) -> 0 | AS11: {=IF($I11="","",IF(C11="P",IF(OR(I11="NOT_READABLE",I11="BLURRY"),XLOOKUP("near_add_step",Calibration!$B:$B,Calibration!$C:$C,0.25),0),IF(C11="R",IF(I11="NOT_CLEAR",XLOOKUP("near_add_step",Calibration!$B:$B,Calibration!$C:$C,0.25),0),0)))} -> 0 | AT11: {=IF($I11="","",IF(C11="Q",IF(OR(I11="NOT_READABLE",I11="BLURRY"),XLOOKUP("near_add_step",Calibration!$B:$B,Calibration!$C:$C,0.25),0),IF(C11="R",IF(I11="NOT_CLEAR",XLOOKUP("near_add_step",Calibration!$B:$B,Calibration!$C:$C,0.25),0),0)))} -> 0 | AU11: {=IF($I11="","",IF(G11="SNELLEN_FEET",IF(I11="READABLE",IFERROR(XLOOKUP(XLOOKUP(R11,Chart_Scale_Distance!B:B,Chart_Scale_Distance!A:A)+1,Chart_Scale_Distance!A:A,Chart_Scale_Distance!B:B),R11),R11),R11))} -> 20_20_20 | AV11: {=IF($I10="","",IFERROR(XLOOKUP(R11,Chart_Scale_Distance!$B:$B,Chart_Scale_Distance!$A:$A,""),""))} -> 6 | AW11: {=IF($I10="","",IFERROR(XLOOKUP(AA11,Chart_Scale_Distance!$B:$B,Chart_Scale_Distance!$A:$A,""),""))} -> 6 | AX11: =IF($I11="","", IF( OR(C11="G",C11="J"), IF( AND(C10=C11,I11="EQUAL",I10="EQUAL"), AX10+1, IF(I11="EQUAL",1,0) ), IF(I11<>"SAME",0,IF(C11=C10,AX10+1,1)) ) ) -> 0 | AY11: =IF($I11="","",COUNTIFS($B$2:B11,$B11,$C$2:C11,$C11)) -> 2 | AZ11: =IF($I10="","",IF(AND(OR(C11="E",C11="H"),OR(C10="E",C10="H")),I10,"")) -> BETTER_2 | BA11: =IF($I11="","",IF(OR(C11="G",C11="J"),BA10+1,0)) -> 0 | BB11: =IF($I11="","", IF( OR(C11="G",C11="J"), IF( C10<>C11, 0, IF( OR( AND(I11="RED_CLEARER",I10="GREEN_CLEARER"), AND(I11="GREEN_CLEARER",I10="RED_CLEARER") ), BB10+1, BB10 ) ), 0 ) ) -> 0 | BC11: {=IF($I11="","",LET( conf,AI11, powerSameN,IF(conf="Low",XLOOKUP("jcc_power_same_low",Calibration!$B:$B,Calibration!$C:$C,1),IF(conf="Medium",XLOOKUP("jcc_power_same_medium",Calibration!$B:$B,Calibration!$C:$C,2),XLOOKUP("jcc_power_same_high",Calibration!$B:$B,Calibration!$C:$C,2))), duoEqualN,XLOOKUP("duochrome_equal_confirmations",Calibration!$B:$B,Calibration!$C:$C,2), duoMax,XLOOKUP($B11,Derived_Variables!$A:$A,Derived_Variables!$AI:$AI,4), axisTol,XLOOKUP($B11,Derived_Variables!$A:$A,Derived_Variables!$W:$W,1), maxStart,XLOOKUP($B11,Derived_Variables!$A:$A,Derived_Variables!$U:$U,1.25), maxAR,XLOOKUP($B11,Derived_Variables!$A:$A,Derived_Variables!$V:$V,3), anom,XLOOKUP($B11,Derived_Variables!$A:$A,Derived_Variables!$Z:$Z,FALSE), reStart,XLOOKUP($B11,Derived_Variables!$A:$A,Derived_Variables!$K:$K,0), leStart,XLOOKUP($B11,Derived_Variables!$A:$A,Derived_Variables!$N:$N,0), reAR,XLOOKUP($B11,AR_Input!$A:$A,AR_Input!$B:$B,reStart), leAR,XLOOKUP($B11,AR_Input!$A:$A,AR_Input!$E:$E,leStart), reEsc,AND(anom,OR(ABS((S11+AM11)-reStart)>maxStart,ABS((S11+AM11)-reAR)>maxAR)), leEsc,AND(anom,OR(ABS((V11+AP11)-leStart)>maxStart,ABS((V11+AP11)-leAR)>maxAR)), phaseMax,IFS( AK11="Fast", IFS( OR(C11="B",C11="D"),XLOOKUP("timeout_coarse_fast",Calibration!$B:$B,Calibration!$C:$C,24), OR(C11="E",C11="F",C11="H",C11="I"),XLOOKUP("timeout_jcc_fast",Calibration!$B:$B,Calibration!$C:$C,10), OR(C11="G",C11="J"),XLOOKUP("timeout_duochrome_fast",Calibration!$B:$B,Calibration!$C:$C,8), C11="K",XLOOKUP("timeout_bino_fast",Calibration!$B:$B,Calibration!$C:$C,10), OR(C11="P",C11="Q",C11="R"),XLOOKUP("timeout_near_fast",Calibration!$B:$B,Calibration!$C:$C,16), TRUE,XLOOKUP("timeout_coarse_fast",Calibration!$B:$B,Calibration!$C:$C,24) ), AK11="Normal", IFS( OR(C11="B",C11="D"),XLOOKUP("timeout_coarse_normal",Calibration!$B:$B,Calibration!$C:$C,36), OR(C11="E",C11="F",C11="H",C11="I"),XLOOKUP("timeout_jcc_normal",Calibration!$B:$B,Calibration!$C:$C,14), OR(C11="G",C11="J"),XLOOKUP("timeout_duochrome_normal",Calibration!$B:$B,Calibration!$C:$C,10), C11="K",XLOOKUP("timeout_bino_normal",Calibration!$B:$B,Calibration!$C:$C,14), OR(C11="P",C11="Q",C11="R"),XLOOKUP("timeout_near_normal",Calibration!$B:$B,Calibration!$C:$C,22), TRUE,XLOOKUP("timeout_coarse_normal",Calibration!$B:$B,Calibration!$C:$C,36) ), TRUE, IFS( OR(C11="B",C11="D"),XLOOKUP("timeout_coarse_slow",Calibration!$B:$B,Calibration!$C:$C,48), OR(C11="E",C11="F",C11="H",C11="I"),XLOOKUP("timeout_jcc_slow",Calibration!$B:$B,Calibration!$C:$C,18), OR(C11="G",C11="J"),XLOOKUP("timeout_duochrome_slow",Calibration!$B:$B,Calibration!$C:$C,12), C11="K",XLOOKUP("timeout_bino_slow",Calibration!$B:$B,Calibration!$C:$C,18), OR(C11="P",C11="Q",C11="R"),XLOOKUP("timeout_near_slow",Calibration!$B:$B,Calibration!$C:$C,28), TRUE,XLOOKUP("timeout_coarse_slow",Calibration!$B:$B,Calibration!$C:$C,48) ) ), binoSameN,XLOOKUP("bino_balance_same_required",Calibration!$B:$B,Calibration!$C:$C,1), nearTarget,XLOOKUP("near_binoc_target_response",Calibration!$B:$B,Calibration!$C:$C,"TARGET_OK"), IFS( AJ11=TRUE,"ESCALATE", C11="A", IF(OR(I11="NOT_READABLE",I11="BLURRY",AND(R11="20_20_20",I11="READABLE")),"B","A"), C11="B", IF(reEsc,"ESCALATE",IF(AY11>=phaseMax,"ESCALATE",IF(AND(AV11>=AW11,I11="READABLE"),"E","B"))), C11="E", IF(AY11>=phaseMax,"ESCALATE",IF(OR(I11="SAME",I11="CANT_TELL",AD11<axisTol),"F","E")), C11="F", IF(AY11>=phaseMax,"ESCALATE",IF(AX11>=powerSameN,"G","F")), C11="G", IF(AY11>=phaseMax,"ESCALATE",IF(OR(AX11>=duoEqualN,BB11>=duoMax),"D","G")), C11="D", IF(leEsc,"ESCALATE",IF(AY11>=phaseMax,"ESCALATE",IF(AND(AV11>=AW11,I11="READABLE"),"H","D"))), C11="H", IF(AY11>=phaseMax,"ESCALATE",IF(OR(I11="SAME",I11="CANT_TELL",AD11<axisTol),"I","H")), C11="I", IF(AY11>=phaseMax,"ESCALATE",IF(AX11>=powerSameN,"J","I")), C11="J", IF(AY11>=phaseMax,"ESCALATE",IF(OR(AX11>=duoEqualN,BB11>=duoMax),"K","J")), C11="K", IF(AY11>=phaseMax,"ESCALATE",IF(AX11>=binoSameN,IF(XLOOKUP($B11,Derived_Variables!$A:$A,Derived_Variables!$AJ:$AJ,FALSE)=TRUE,"P","END"),"K")), C11="P", IF(AY11>=phaseMax,"ESCALATE",IF(OR(I11="READABLE",I11="SAME"),"Q","P")), C11="Q", IF(AY11>=phaseMax,"ESCALATE",IF(OR(I11="READABLE",I11="SAME"),"R","Q")), C11="R", IF(AY11>=phaseMax,"ESCALATE",IF(OR(I11=nearTarget,I11="SAME"),"END","R")), TRUE,"END" )))} -> F | BD11: =IF($I10="",FALSE,TRUE) -> TRUE
